Age,Sex,BMI,Glucose,Blood_Pressure,Cholesterol,Physical_Activity,Diet_Quality,Smoking_Status,Family_History,Heart_Disease,Diabetes_binary,High_BP,High_Chol
52.0,Female,26.0,91.3,125.6,150.5,Active,Poor,Former Smoker,1,0,0,0,0
54.0,Female,35.9,120.0,145.5,272.6,Sedentary,Poor,Non-Smoker,1,1,1,1,1
37.0,Male,32.9,143.8,149.2,188.8,Moderate,Poor,Current Smoker,1,0,1,1,0
58.0,Female,27.6,170.0,151.0,191.9,Sedentary,Poor,Former Smoker,0,0,1,1,0
41.0,Female,20.8,81.1,128.7,194.3,Active,Poor,Non-Smoker,0,0,0,0,0
66.0,Female,32.0,148.7,163.9,294.4,Sedentary,Good,Current Smoker,0,0,1,1,1
30.0,Male,28.1,88.3,114.2,234.1,Moderate,Good,Former Smoker,0,0,0,0,1
44.0,Female,26.8,106.4,120.0,227.6,Active,Average,Non-Smoker,0,0,0,0,1
41.0,Male,25.0,94.1,113.3,219.0,Active,Good,Non-Smoker,1,0,0,0,1
27.0,Male,18.7,118.0,115.9,147.5,Sedentary,Average,Non-Smoker,0,0,0,0,0
58.0,Female,17.5,106.6,144.8,192.2,Moderate,Average,Non-Smoker,0,0,0,1,0
42.0,Male,36.7,118.0,119.9,145.0,Moderate,Average,Current Smoker,0,0,1,0,0
48.0,Male,22.2,155.0,145.1,223.9,Sedentary,Poor,Non-Smoker,1,0,1,1,1
50.0,Female,21.6,89.1,121.5,173.6,Moderate,Average,Non-Smoker,0,0,0,0,0
38.0,Female,31.3,95.8,92.6,224.5,Moderate,Average,Former Smoker,1,0,0,0,1
81.0,Female,24.6,106.4,125.3,194.9,Active,Average,Non-Smoker,0,1,0,0,0
53.0,Female,23.7,68.0,125.3,203.2,Moderate,Good,Former Smoker,0,0,0,0,1
53.0,Female,27.7,118.0,116.4,222.2,Active,Average,Non-Smoker,1,0,0,0,1
56.0,Male,31.6,158.7,153.4,199.4,Sedentary,Good,Non-Smoker,0,0,1,1,0
63.0,Male,27.0,181.9,154.4,255.9,Moderate,Good,Non-Smoker,0,0,1,1,1
41.0,Male,27.4,82.9,125.3,158.2,Active,Good,Current Smoker,0,0,0,1,0
70.0,Female,29.9,187.0,153.8,203.4,Moderate,Average,Former Smoker,1,0,1,1,1
62.0,Female,29.2,98.2,132.9,196.7,Moderate,Poor,Non-Smoker,0,0,0,1,0
36.0,Female,24.2,83.9,147.9,193.5,Moderate,Poor,Non-Smoker,0,0,0,1,0
54.0,Female,24.5,104.3,101.7,175.5,Active,Good,Current Smoker,1,0,0,0,0
35.0,Male,21.2,85.1,125.3,173.4,Moderate,Average,Former Smoker,0,0,0,0,0
53.0,Male,27.0,87.3,114.1,197.7,Active,Good,Non-Smoker,0,0,0,0,0
24.0,Male,29.4,105.5,119.6,211.3,Active,Average,Non-Smoker,0,0,0,0,1
41.0,Female,20.6,91.7,107.4,141.7,Sedentary,Good,Non-Smoker,0,0,0,0,0
62.0,Female,32.0,151.5,161.0,177.7,Sedentary,Poor,Current Smoker,0,0,1,1,0
71.0,Male,30.2,181.6,153.6,295.5,Moderate,Poor,Former Smoker,0,0,1,1,1
54.0,Female,39.9,121.5,143.9,255.1,Moderate,Good,Non-Smoker,0,0,1,1,1
40.0,Female,32.2,118.0,114.3,279.6,Moderate,Poor,Current Smoker,1,0,1,0,1
60.0,Female,25.5,118.0,104.4,140.0,Active,Average,Non-Smoker,0,0,0,0,0
61.0,Female,31.5,201.4,115.7,216.7,Active,Average,Non-Smoker,0,0,1,0,1
52.0,Male,39.7,168.8,122.8,202.3,Active,Average,Non-Smoker,1,1,1,0,1
32.0,Female,30.1,102.2,120.6,179.1,Active,Poor,Non-Smoker,0,0,0,0,0
82.0,Female,29.5,110.6,107.6,189.5,Moderate,Good,Non-Smoker,0,0,0,0,0
48.0,Female,17.8,118.0,105.4,174.7,Active,Good,Non-Smoker,0,0,0,0,0
60.0,Male,30.9,141.7,150.5,263.1,Sedentary,Average,Non-Smoker,1,0,1,1,1
41.0,Female,24.7,100.6,119.0,199.0,Active,Good,Current Smoker,0,0,0,0,0
68.0,Male,40.2,120.0,147.5,191.9,Sedentary,Average,Non-Smoker,0,0,1,1,0
41.0,Male,26.6,76.3,117.5,151.8,Moderate,Good,Former Smoker,0,0,0,0,0
67.0,Male,39.1,138.3,154.6,164.8,Sedentary,Average,Current Smoker,0,0,1,1,0
79.0,Female,28.9,120.0,129.8,275.3,Sedentary,Average,Non-Smoker,1,1,1,0,1
28.0,Female,23.2,98.1,121.5,165.3,Sedentary,Average,Non-Smoker,0,0,0,0,0
36.0,Female,42.5,179.9,145.0,275.2,Moderate,Average,Non-Smoker,1,0,1,1,1
65.0,Male,25.6,146.7,153.4,236.5,Active,Average,Current Smoker,1,0,1,1,1
54.0,Male,30.9,104.1,111.8,217.6,Active,Average,Non-Smoker,0,1,0,0,1
44.0,Female,27.5,83.2,127.0,203.3,Active,Average,Non-Smoker,0,0,0,0,1
49.0,Male,19.9,97.8,123.0,237.6,Moderate,Average,Former Smoker,0,0,0,0,1
33.0,Female,30.6,75.8,101.8,191.4,Moderate,Good,Non-Smoker,0,0,0,0,0
36.0,Female,29.1,120.0,150.6,268.3,Sedentary,Poor,Non-Smoker,0,0,1,1,1
68.0,Female,28.2,162.4,130.6,265.5,Sedentary,Poor,Former Smoker,1,0,1,1,1
51.0,Female,20.3,85.1,98.9,219.7,Sedentary,Average,Non-Smoker,1,0,0,0,1
39.0,Male,31.6,88.9,121.3,176.1,Active,Average,Former Smoker,0,0,0,0,0
52.0,Female,24.1,90.2,101.2,242.3,Moderate,Average,Non-Smoker,0,0,0,0,1
27.0,Female,29.6,87.8,123.6,197.3,Moderate,Good,Current Smoker,0,0,0,0,0
47.0,Female,33.0,198.2,124.7,210.5,Moderate,Good,Current Smoker,1,1,1,0,1
47.0,Male,30.0,96.6,119.7,159.1,Active,Poor,Former Smoker,0,0,0,0,0
60.0,Female,33.9,159.9,136.0,221.0,Sedentary,Poor,Current Smoker,0,0,1,1,1
39.0,Male,24.9,101.2,125.3,161.9,Active,Average,Current Smoker,0,0,0,0,0
49.0,Female,24.1,87.8,125.3,199.9,Active,Good,Non-Smoker,0,0,0,0,0
48.0,Female,31.5,89.9,112.6,183.6,Sedentary,Average,Non-Smoker,0,1,0,0,0
70.0,Male,35.6,217.4,113.1,292.7,Sedentary,Average,Non-Smoker,0,0,1,0,1
55.0,Female,29.1,192.6,129.1,259.2,Sedentary,Average,Non-Smoker,1,0,1,0,1
32.0,Male,20.4,86.1,125.3,174.1,Moderate,Average,Former Smoker,0,0,0,0,0
65.0,Female,25.1,78.3,116.3,156.4,Active,Good,Former Smoker,0,0,0,0,0
50.0,Female,22.6,87.7,105.4,156.9,Active,Average,Current Smoker,1,0,0,0,0
41.0,Male,32.8,118.0,133.8,158.0,Moderate,Good,Non-Smoker,0,0,1,1,0
49.0,Male,28.9,144.3,144.5,217.1,Sedentary,Average,Former Smoker,1,0,1,1,1
47.0,Female,19.4,90.9,127.5,171.9,Active,Good,Former Smoker,0,0,0,0,0
49.0,Male,21.7,96.8,122.4,199.4,Moderate,Good,Former Smoker,0,0,0,0,0
56.0,Female,23.7,118.0,128.6,193.0,Moderate,Good,Current Smoker,1,0,0,0,0
45.0,Female,28.8,118.0,110.4,157.4,Moderate,Good,Non-Smoker,0,0,0,0,0
49.0,Male,22.0,168.3,150.1,239.3,Moderate,Poor,Current Smoker,0,1,1,1,1
71.0,Male,39.5,130.7,157.4,188.0,Moderate,Average,Non-Smoker,1,1,1,1,0
53.0,Male,30.9,178.0,132.4,217.9,Sedentary,Average,Current Smoker,1,0,1,1,1
70.0,Female,28.8,120.0,122.2,214.5,Moderate,Average,Current Smoker,0,1,1,0,1
59.0,Male,32.6,210.3,157.4,204.2,Sedentary,Average,Current Smoker,1,0,1,1,1
47.0,Female,39.6,203.3,125.3,163.3,Moderate,Poor,Current Smoker,0,0,1,0,0
65.0,Male,25.9,134.1,128.9,261.5,Sedentary,Average,Current Smoker,1,0,1,0,1
62.0,Male,22.0,156.7,147.8,232.9,Moderate,Poor,Current Smoker,0,0,1,1,1
55.0,Female,35.2,120.0,142.8,203.3,Sedentary,Poor,Current Smoker,0,1,1,1,1
60.0,Male,33.2,137.2,132.1,203.7,Sedentary,Average,Former Smoker,0,1,1,1,1
71.0,Female,32.2,155.1,138.8,237.7,Sedentary,Good,Former Smoker,0,0,1,1,1
51.0,Female,31.9,101.0,109.0,223.3,Active,Average,Non-Smoker,0,0,0,0,1
73.0,Female,26.9,155.3,124.8,233.2,Sedentary,Average,Current Smoker,1,0,1,0,1
64.0,Female,33.4,103.2,125.7,208.7,Moderate,Average,Non-Smoker,1,0,0,0,1
27.0,Female,20.9,88.5,134.1,186.2,Active,Good,Former Smoker,0,0,0,1,0
70.0,Male,37.6,120.0,138.0,187.2,Sedentary,Poor,Current Smoker,1,0,1,1,0
62.0,Female,24.3,156.7,148.8,242.6,Sedentary,Poor,Former Smoker,0,0,1,1,1
28.0,Female,22.5,85.3,110.2,204.1,Moderate,Average,Current Smoker,1,0,0,0,1
76.0,Female,26.1,150.6,122.4,209.2,Moderate,Average,Current Smoker,0,0,1,0,1
77.0,Male,25.3,201.9,109.5,195.5,Active,Poor,Non-Smoker,0,0,1,0,0
59.0,Female,28.0,153.1,108.4,251.6,Sedentary,Poor,Former Smoker,0,0,1,0,1
37.0,Female,32.6,100.8,98.1,203.3,Active,Good,Current Smoker,0,0,0,0,1
36.0,Female,24.4,89.7,117.4,201.8,Moderate,Good,Non-Smoker,1,0,0,0,1
57.0,Male,34.0,170.4,129.4,200.5,Moderate,Average,Non-Smoker,0,0,1,0,1
49.0,Female,27.9,118.0,130.8,189.9,Active,Average,Former Smoker,0,0,0,1,0
54.0,Male,24.5,86.9,121.2,190.8,Active,Good,Former Smoker,0,0,0,0,0
56.0,Female,29.2,155.3,172.0,266.5,Sedentary,Poor,Non-Smoker,1,0,1,1,1
65.0,Female,23.7,91.4,123.6,196.3,Active,Poor,Former Smoker,0,0,0,0,0
18.0,Male,28.6,88.4,118.1,188.7,Moderate,Good,Non-Smoker,0,0,0,0,0
54.0,Female,20.0,93.7,124.2,209.0,Active,Good,Former Smoker,0,0,0,0,1
59.0,Female,25.5,84.9,108.0,204.9,Moderate,Good,Current Smoker,0,0,0,0,1
59.0,Male,45.0,174.9,144.3,214.9,Moderate,Poor,Former Smoker,0,0,1,1,1
64.0,Female,27.1,120.0,155.1,218.2,Moderate,Poor,Former Smoker,1,0,1,1,1
56.0,Female,21.1,97.2,125.7,141.8,Moderate,Average,Former Smoker,0,1,0,0,0
31.0,Female,20.4,104.1,113.5,174.7,Moderate,Average,Non-Smoker,0,0,0,0,0
35.0,Female,28.0,81.0,127.5,201.7,Moderate,Good,Non-Smoker,0,0,0,0,1
36.0,Male,28.7,91.9,111.4,229.8,Moderate,Good,Non-Smoker,0,0,0,0,1
27.0,Female,28.6,108.6,146.2,154.1,Active,Average,Non-Smoker,0,0,0,1,0
23.0,Female,23.3,84.9,118.3,186.6,Active,Average,Non-Smoker,0,0,0,0,0
57.0,Male,41.7,198.8,145.5,252.8,Sedentary,Poor,Non-Smoker,0,0,1,1,1
18.0,Male,26.4,79.9,103.2,210.8,Moderate,Good,Non-Smoker,1,0,0,0,1
64.0,Male,23.8,120.0,161.8,150.2,Sedentary,Poor,Non-Smoker,1,0,1,1,0
23.0,Female,26.0,87.3,107.5,182.0,Active,Poor,Former Smoker,0,0,0,0,0
47.0,Female,32.4,138.6,126.1,202.2,Sedentary,Poor,Current Smoker,0,0,1,0,1
35.0,Male,26.6,73.8,137.2,197.7,Moderate,Average,Former Smoker,1,0,0,1,0
58.0,Female,24.9,107.1,124.4,174.7,Sedentary,Average,Non-Smoker,1,0,0,0,0
69.0,Male,29.9,144.3,147.8,240.2,Sedentary,Average,Non-Smoker,1,0,1,1,1
49.0,Male,29.1,134.0,123.5,251.1,Moderate,Good,Former Smoker,0,0,1,0,1
52.0,Male,23.9,78.8,120.3,190.9,Moderate,Average,Non-Smoker,0,0,0,0,0
70.0,Female,22.7,74.7,107.7,203.3,Moderate,Good,Non-Smoker,0,0,0,0,1
72.0,Male,17.5,115.0,111.9,204.3,Active,Good,Non-Smoker,1,0,0,0,1
64.0,Female,27.5,128.0,113.5,225.4,Sedentary,Average,Non-Smoker,1,0,1,0,1
53.0,Female,36.5,68.0,112.4,251.1,Moderate,Good,Former Smoker,0,0,0,0,1
60.0,Female,24.2,94.0,125.6,177.1,Active,Good,Non-Smoker,0,0,0,0,0
45.0,Male,24.8,68.0,98.5,218.9,Active,Poor,Former Smoker,0,0,0,0,1
57.0,Male,28.0,166.1,122.6,233.2,Active,Good,Non-Smoker,0,0,1,0,1
60.0,Female,20.9,83.8,107.1,191.5,Moderate,Good,Former Smoker,0,0,0,0,0
48.0,Male,26.8,68.0,119.3,184.0,Active,Good,Current Smoker,0,0,0,0,0
30.0,Male,33.0,166.1,137.8,285.3,Sedentary,Poor,Former Smoker,1,0,1,1,1
62.0,Male,24.0,121.6,150.9,235.5,Moderate,Average,Former Smoker,1,0,1,1,1
73.0,Male,32.2,221.7,121.8,198.6,Sedentary,Average,Non-Smoker,1,0,1,0,0
61.0,Male,41.5,180.2,137.2,290.3,Moderate,Poor,Former Smoker,0,0,1,1,1
58.0,Male,33.2,157.6,139.7,192.6,Active,Poor,Non-Smoker,1,0,1,1,0
59.0,Male,25.9,89.0,110.4,193.9,Active,Average,Non-Smoker,0,0,0,0,0
44.0,Female,25.7,74.6,112.5,179.0,Moderate,Average,Former Smoker,1,0,0,0,0
33.0,Female,28.9,75.0,102.4,194.2,Moderate,Average,Non-Smoker,0,0,0,0,0
70.0,Female,24.1,179.7,168.5,209.5,Sedentary,Average,Non-Smoker,1,0,1,1,1
49.0,Male,32.9,153.7,156.1,235.7,Sedentary,Average,Current Smoker,0,0,1,1,1
45.0,Male,20.7,118.0,112.3,167.7,Active,Average,Non-Smoker,0,0,0,0,0
49.0,Female,42.5,182.3,155.7,276.8,Sedentary,Good,Current Smoker,1,0,1,1,1
67.0,Female,33.4,121.2,115.2,216.0,Moderate,Poor,Former Smoker,1,0,1,0,1
58.0,Female,40.9,204.5,174.5,270.2,Moderate,Average,Non-Smoker,1,0,1,1,1
24.0,Male,29.6,74.7,123.9,159.9,Active,Good,Non-Smoker,0,0,0,0,0
52.0,Female,23.0,95.2,116.3,206.7,Moderate,Good,Non-Smoker,0,0,0,0,1
49.0,Female,21.1,78.1,110.7,165.5,Active,Poor,Non-Smoker,0,0,0,0,0
47.0,Female,25.1,80.0,118.1,149.0,Active,Good,Current Smoker,0,0,0,0,0
51.0,Male,36.0,174.9,135.7,234.7,Active,Poor,Former Smoker,1,0,1,1,1
33.0,Male,41.6,197.8,126.7,145.0,Sedentary,Average,Current Smoker,1,0,1,0,0
36.0,Female,20.6,95.5,107.6,161.7,Moderate,Average,Former Smoker,1,0,0,0,0
37.0,Female,32.2,135.2,152.7,242.8,Sedentary,Poor,Current Smoker,1,0,1,1,1
21.0,Female,28.0,81.5,114.2,205.6,Active,Average,Non-Smoker,0,0,0,0,1
51.0,Female,30.8,78.9,121.5,213.3,Moderate,Average,Non-Smoker,0,0,0,0,1
64.0,Male,29.1,218.9,144.3,175.5,Sedentary,Poor,Non-Smoker,0,0,1,1,0
36.0,Male,19.0,111.1,122.0,190.9,Active,Average,Non-Smoker,0,0,0,0,0
28.0,Female,22.5,162.2,153.5,220.7,Sedentary,Poor,Current Smoker,0,0,1,1,1
36.0,Male,40.5,172.7,152.7,240.4,Sedentary,Average,Non-Smoker,0,0,1,1,1
73.0,Male,39.2,179.4,149.6,189.7,Active,Average,Non-Smoker,0,0,1,1,0
44.0,Male,30.1,102.2,96.0,179.9,Active,Average,Non-Smoker,0,0,0,0,0
50.0,Male,39.7,183.8,135.9,264.7,Active,Poor,Non-Smoker,1,0,1,1,1
35.0,Male,28.0,84.9,103.5,183.5,Moderate,Good,Non-Smoker,0,0,0,0,0
28.0,Female,17.5,97.9,118.7,164.3,Active,Good,Non-Smoker,0,0,0,0,0
37.0,Female,25.1,101.6,106.4,201.7,Active,Good,Non-Smoker,0,1,0,0,1
65.0,Female,30.5,128.3,124.0,210.8,Sedentary,Average,Current Smoker,0,0,1,0,1
57.0,Female,27.5,209.7,106.0,217.6,Sedentary,Average,Current Smoker,1,0,1,0,1
54.0,Male,27.3,118.0,110.8,159.2,Sedentary,Good,Non-Smoker,0,0,0,0,0
40.0,Male,23.0,87.1,101.2,173.6,Active,Poor,Current Smoker,1,0,0,0,0
62.0,Female,19.6,95.8,106.9,219.3,Sedentary,Average,Non-Smoker,0,0,0,0,1
47.0,Female,27.7,68.0,123.1,154.2,Active,Average,Non-Smoker,0,0,0,0,0
22.0,Female,22.8,115.1,102.5,184.9,Active,Good,Non-Smoker,0,0,0,0,0
57.0,Male,37.4,152.4,155.1,234.7,Moderate,Poor,Current Smoker,1,0,1,1,1
39.0,Female,27.9,167.8,155.6,178.2,Moderate,Average,Former Smoker,1,0,1,1,0
47.0,Male,19.0,71.4,112.4,189.6,Active,Good,Non-Smoker,1,0,0,0,0
67.0,Male,31.3,118.0,166.6,243.9,Active,Average,Former Smoker,1,0,1,1,1
43.0,Male,19.6,118.0,109.5,191.7,Moderate,Poor,Non-Smoker,1,0,0,0,0
57.0,Female,35.1,193.7,141.8,218.6,Sedentary,Average,Current Smoker,0,0,1,1,1
54.0,Male,34.5,156.7,144.5,237.2,Sedentary,Good,Former Smoker,0,0,1,1,1
42.0,Female,21.5,86.5,108.9,213.2,Sedentary,Good,Non-Smoker,0,0,0,0,1
29.0,Female,17.6,76.6,128.3,243.4,Active,Good,Non-Smoker,0,0,0,0,1
56.0,Male,28.3,80.4,121.1,190.5,Active,Average,Non-Smoker,0,0,0,0,0
33.0,Female,17.5,100.9,99.5,192.7,Moderate,Average,Non-Smoker,1,0,0,0,0
56.0,Female,31.0,92.0,119.6,203.0,Active,Good,Former Smoker,0,0,0,0,1
43.0,Female,28.7,100.9,117.8,211.8,Moderate,Good,Non-Smoker,0,0,0,0,1
32.0,Female,33.9,82.0,132.1,173.3,Moderate,Good,Non-Smoker,0,0,0,1,0
41.0,Female,21.0,93.1,93.2,207.4,Active,Average,Non-Smoker,0,0,0,0,1
56.0,Male,32.5,144.8,157.1,254.4,Sedentary,Poor,Former Smoker,0,1,1,1,1
61.0,Male,38.1,166.4,129.2,221.2,Sedentary,Poor,Current Smoker,1,0,1,0,1
60.0,Female,33.1,166.5,138.1,221.4,Moderate,Good,Non-Smoker,1,0,1,1,1
39.0,Male,35.1,171.4,136.3,234.7,Moderate,Poor,Former Smoker,0,0,1,1,1
33.0,Male,17.5,94.5,113.6,132.5,Active,Good,Non-Smoker,0,0,0,0,0
56.0,Male,43.1,145.8,144.9,190.4,Moderate,Good,Non-Smoker,0,0,1,1,0
44.0,Male,42.3,168.0,141.0,145.0,Active,Poor,Former Smoker,0,0,1,1,0
76.0,Female,32.9,186.8,143.9,223.2,Moderate,Poor,Former Smoker,0,0,1,1,1
24.0,Male,23.6,100.7,126.4,173.1,Active,Good,Non-Smoker,0,0,0,0,0
18.0,Female,25.9,112.4,101.9,186.2,Sedentary,Good,Non-Smoker,0,0,0,0,0
45.0,Female,22.2,97.7,104.4,212.7,Sedentary,Average,Former Smoker,0,0,0,0,1
47.0,Male,26.7,81.9,108.7,186.6,Sedentary,Average,Former Smoker,1,0,0,0,0
46.0,Female,26.5,79.5,110.0,125.0,Active,Good,Former Smoker,0,0,0,0,0
46.0,Female,24.2,90.0,95.4,174.5,Sedentary,Average,Non-Smoker,0,0,0,0,0
47.0,Female,27.3,91.8,106.1,180.7,Sedentary,Good,Non-Smoker,1,0,0,0,0
35.0,Female,22.7,100.1,109.5,202.6,Active,Good,Non-Smoker,0,0,0,0,1
50.0,Female,35.7,164.6,113.5,236.8,Sedentary,Average,Non-Smoker,0,0,1,0,1
49.0,Male,33.6,150.6,131.4,242.4,Sedentary,Poor,Former Smoker,1,1,1,1,1
51.0,Female,28.0,134.6,106.4,221.2,Moderate,Good,Former Smoker,1,0,1,0,1
50.0,Female,32.2,120.0,132.5,232.1,Sedentary,Poor,Former Smoker,1,0,1,1,1
76.0,Male,36.0,160.4,160.6,209.8,Moderate,Good,Former Smoker,1,0,1,1,1
72.0,Female,28.0,118.0,134.6,191.5,Sedentary,Average,Non-Smoker,1,0,1,1,0
40.0,Female,21.1,88.4,145.0,177.1,Active,Average,Non-Smoker,0,0,0,1,0
50.0,Male,40.5,134.1,143.2,178.2,Sedentary,Poor,Current Smoker,1,0,1,1,0
66.0,Male,30.7,122.8,137.0,221.7,Sedentary,Poor,Former Smoker,0,0,1,1,1
63.0,Female,33.1,134.5,151.8,232.0,Moderate,Average,Current Smoker,1,0,1,1,1
45.0,Female,38.5,127.5,130.1,253.0,Moderate,Average,Non-Smoker,1,0,1,1,1
46.0,Male,17.5,72.5,133.9,168.3,Active,Good,Non-Smoker,1,0,0,1,0
55.0,Male,39.2,120.0,146.6,251.6,Moderate,Average,Former Smoker,0,0,1,1,1
74.0,Male,30.8,120.0,138.3,232.5,Active,Average,Non-Smoker,0,0,1,1,1
79.0,Male,37.0,125.5,106.1,255.9,Sedentary,Poor,Former Smoker,0,0,1,0,1
43.0,Male,26.4,84.4,118.8,196.9,Moderate,Good,Non-Smoker,0,0,0,0,0
37.0,Male,23.2,90.3,121.4,160.1,Moderate,Good,Non-Smoker,0,1,0,0,0
39.0,Male,30.8,84.9,126.6,182.9,Active,Average,Non-Smoker,1,0,0,0,0
52.0,Female,17.8,96.0,123.5,175.5,Active,Average,Non-Smoker,0,0,0,0,0
77.0,Female,36.3,120.0,125.3,180.4,Sedentary,Average,Current Smoker,0,0,1,1,0
61.0,Female,22.0,120.0,166.2,222.5,Sedentary,Average,Current Smoker,0,0,1,1,1
52.0,Male,26.4,120.0,163.4,279.3,Sedentary,Average,Non-Smoker,1,0,1,1,1
46.0,Female,24.5,69.5,114.1,190.6,Moderate,Average,Non-Smoker,0,0,0,0,0
44.0,Female,33.5,182.9,118.5,227.9,Moderate,Average,Former Smoker,0,0,1,0,1
46.0,Female,31.4,127.3,139.9,213.8,Sedentary,Poor,Current Smoker,0,0,1,1,1
66.0,Female,28.8,158.6,150.8,253.5,Moderate,Average,Former Smoker,1,0,1,1,1
39.0,Female,23.8,77.9,105.4,178.1,Sedentary,Average,Non-Smoker,0,0,0,0,0
54.0,Female,22.1,94.5,116.8,175.4,Active,Average,Non-Smoker,0,0,0,0,0
45.0,Female,37.9,164.3,146.8,212.9,Moderate,Average,Non-Smoker,1,0,1,1,1
43.0,Female,22.0,82.3,99.6,175.6,Moderate,Average,Non-Smoker,1,1,0,0,0
66.0,Male,36.0,228.7,134.8,232.9,Moderate,Average,Non-Smoker,0,0,1,1,1
52.0,Female,24.0,75.7,118.1,146.1,Active,Good,Non-Smoker,0,0,0,0,0
58.0,Male,37.3,136.9,139.9,225.6,Moderate,Poor,Current Smoker,0,1,1,1,1
41.0,Female,24.1,84.1,106.0,160.3,Active,Average,Non-Smoker,0,1,0,0,0
35.0,Female,29.8,102.8,112.6,194.1,Active,Good,Non-Smoker,0,0,0,0,0
30.0,Female,21.7,96.5,134.2,221.6,Active,Good,Former Smoker,0,0,0,1,1
39.0,Female,22.1,97.0,121.7,164.2,Moderate,Average,Current Smoker,0,1,0,0,0
22.0,Female,26.2,75.8,125.3,180.3,Active,Average,Former Smoker,0,0,0,0,0
77.0,Male,35.2,120.4,125.2,210.8,Sedentary,Average,Non-Smoker,0,0,1,0,1
60.0,Female,31.9,132.9,144.0,302.0,Sedentary,Average,Non-Smoker,1,0,1,1,1
51.0,Female,27.2,83.0,117.8,158.6,Active,Average,Former Smoker,0,0,0,0,0
56.0,Female,28.0,144.7,144.1,205.4,Moderate,Average,Current Smoker,1,0,1,1,1
40.0,Female,29.7,70.2,123.0,175.3,Active,Good,Current Smoker,0,0,0,0,0
61.0,Female,24.2,211.3,135.4,222.4,Sedentary,Poor,Non-Smoker,0,0,1,1,1
57.0,Female,29.7,97.0,118.9,165.7,Active,Good,Former Smoker,0,0,0,0,0
43.0,Female,27.3,84.1,112.5,158.0,Moderate,Good,Current Smoker,0,0,0,0,0
54.0,Female,31.1,177.7,125.3,231.3,Sedentary,Poor,Former Smoker,0,0,1,1,1
53.0,Male,32.9,186.6,147.5,269.0,Moderate,Poor,Non-Smoker,0,0,1,1,1
55.0,Female,25.4,118.0,121.7,155.6,Moderate,Good,Former Smoker,0,0,0,0,0
44.0,Male,25.8,85.5,115.3,172.5,Active,Good,Former Smoker,1,0,0,0,0
44.0,Male,27.4,83.0,114.5,151.8,Sedentary,Poor,Non-Smoker,0,0,0,0,0
68.0,Female,36.4,118.0,121.3,229.7,Moderate,Average,Non-Smoker,0,0,1,0,1
21.0,Male,28.0,99.3,101.8,229.6,Sedentary,Good,Non-Smoker,0,0,0,0,1
44.0,Male,25.0,101.1,125.3,217.5,Moderate,Average,Non-Smoker,0,0,0,0,1
50.0,Male,38.7,153.9,119.4,285.0,Moderate,Poor,Current Smoker,1,0,1,0,1
18.0,Female,26.8,84.3,101.5,186.8,Active,Average,Current Smoker,0,0,0,0,0
34.0,Female,24.5,77.2,109.9,226.8,Active,Good,Current Smoker,1,0,0,0,1
53.0,Male,28.7,96.0,112.9,177.5,Moderate,Average,Non-Smoker,1,1,0,0,0
45.0,Male,28.2,139.2,143.0,210.0,Sedentary,Poor,Non-Smoker,0,0,1,1,1
78.0,Female,35.7,157.5,136.8,257.6,Moderate,Good,Non-Smoker,0,0,1,1,1
66.0,Female,37.4,145.7,139.9,174.3,Sedentary,Good,Non-Smoker,0,0,1,1,0
29.0,Female,29.0,82.8,110.0,192.4,Active,Average,Former Smoker,1,0,0,0,0
68.0,Male,35.2,143.0,113.8,222.9,Sedentary,Good,Former Smoker,1,1,1,0,1
35.0,Female,25.5,97.3,120.9,200.6,Active,Average,Non-Smoker,0,0,0,0,1
34.0,Female,20.3,92.2,117.5,163.3,Active,Average,Non-Smoker,1,0,0,0,0
74.0,Female,31.8,144.0,149.7,235.3,Moderate,Poor,Former Smoker,1,0,1,1,1
58.0,Female,21.3,110.6,125.0,161.6,Sedentary,Average,Non-Smoker,0,0,0,0,0
34.0,Female,20.7,71.9,114.9,153.6,Moderate,Average,Current Smoker,0,0,0,0,0
53.0,Female,26.6,90.5,118.0,162.4,Active,Average,Former Smoker,0,0,0,0,0
48.0,Male,26.7,92.4,110.4,167.8,Moderate,Average,Former Smoker,0,0,0,0,0
52.0,Male,22.8,114.7,110.7,169.4,Active,Good,Current Smoker,0,1,0,0,0
43.0,Male,28.9,81.4,114.9,189.4,Moderate,Average,Current Smoker,1,0,0,0,0
63.0,Female,25.7,151.3,129.2,264.5,Sedentary,Poor,Former Smoker,1,0,1,0,1
62.0,Male,33.3,162.9,158.8,178.9,Sedentary,Average,Non-Smoker,1,1,1,1,0
82.0,Female,32.6,146.6,125.3,209.8,Sedentary,Average,Non-Smoker,0,0,1,1,1
67.0,Male,26.7,112.7,100.9,215.2,Moderate,Good,Former Smoker,0,0,0,0,1
58.0,Female,25.4,68.0,119.2,183.3,Moderate,Good,Non-Smoker,1,0,0,0,0
39.0,Male,21.5,68.0,138.9,161.9,Active,Average,Non-Smoker,0,0,0,1,0
66.0,Female,29.0,218.4,148.1,230.7,Active,Average,Non-Smoker,1,0,1,1,1
56.0,Female,24.4,85.6,111.6,182.4,Active,Average,Former Smoker,1,0,0,0,0
52.0,Female,28.6,89.8,111.2,221.8,Active,Good,Current Smoker,0,0,0,0,1
30.0,Female,26.1,78.9,107.7,188.1,Moderate,Poor,Former Smoker,0,1,0,0,0
80.0,Female,34.5,150.9,146.4,288.0,Moderate,Poor,Non-Smoker,1,0,1,1,1
34.0,Male,26.2,92.3,135.0,161.6,Moderate,Average,Former Smoker,1,0,0,1,0
73.0,Female,29.8,224.4,129.2,188.1,Sedentary,Poor,Current Smoker,1,0,1,0,0
72.0,Female,40.8,120.0,134.0,196.5,Moderate,Poor,Non-Smoker,0,0,1,1,0
71.0,Male,20.0,98.7,115.3,197.3,Active,Good,Non-Smoker,0,1,0,0,0
23.0,Male,28.2,90.9,131.9,163.5,Moderate,Average,Non-Smoker,0,0,0,1,0
44.0,Male,21.2,99.8,96.2,177.3,Active,Good,Non-Smoker,0,0,0,0,0
58.0,Male,39.1,123.9,135.5,244.9,Sedentary,Poor,Non-Smoker,1,0,1,1,1
53.0,Female,35.1,161.6,129.8,173.8,Sedentary,Poor,Current Smoker,0,1,1,0,0
54.0,Male,34.0,171.8,115.1,214.6,Sedentary,Poor,Non-Smoker,0,0,1,0,1
64.0,Female,31.1,95.1,120.6,190.1,Active,Average,Non-Smoker,0,0,0,0,0
85.0,Male,21.0,92.7,116.9,161.7,Moderate,Good,Current Smoker,0,1,0,0,0
77.0,Male,36.5,166.1,114.5,196.8,Active,Average,Former Smoker,1,0,1,0,0
70.0,Female,25.3,82.0,116.2,185.2,Active,Good,Former Smoker,0,0,0,0,0
49.0,Male,30.0,80.2,120.0,168.9,Sedentary,Average,Former Smoker,0,0,0,0,0
45.0,Male,28.0,84.4,116.9,233.9,Active,Average,Non-Smoker,1,0,0,0,1
73.0,Female,42.1,213.7,134.2,216.1,Sedentary,Poor,Non-Smoker,1,0,1,1,1
51.0,Male,21.1,74.6,105.8,197.5,Active,Good,Non-Smoker,0,0,0,0,0
47.0,Male,23.4,90.3,93.9,165.3,Sedentary,Average,Non-Smoker,0,0,0,0,0
53.0,Female,22.0,143.1,148.7,244.8,Sedentary,Average,Non-Smoker,1,0,1,1,1
35.0,Female,28.0,110.5,125.3,158.1,Sedentary,Good,Non-Smoker,0,0,0,0,0
43.0,Male,25.6,68.0,115.4,197.6,Active,Good,Former Smoker,0,0,0,0,0
55.0,Male,32.6,160.3,144.8,207.3,Sedentary,Poor,Current Smoker,1,0,1,1,1
63.0,Male,32.5,168.7,137.7,268.7,Sedentary,Average,Non-Smoker,0,0,1,1,1
60.0,Female,31.4,132.0,141.5,257.9,Sedentary,Poor,Non-Smoker,0,0,1,1,1
39.0,Female,17.8,93.2,113.2,192.3,Active,Good,Non-Smoker,1,0,0,0,0
80.0,Female,40.8,120.0,145.3,254.3,Sedentary,Poor,Former Smoker,0,0,1,1,1
41.0,Female,27.3,91.2,105.5,147.5,Moderate,Average,Non-Smoker,0,0,0,0,0
57.0,Male,38.6,141.1,121.8,222.3,Sedentary,Poor,Current Smoker,0,1,1,0,1
74.0,Male,32.9,167.5,144.8,213.0,Moderate,Average,Non-Smoker,0,1,1,1,1
43.0,Female,25.1,98.8,120.3,202.7,Moderate,Average,Current Smoker,0,0,0,0,1
41.0,Female,22.3,95.5,125.7,235.3,Sedentary,Poor,Non-Smoker,0,0,0,0,1
32.0,Female,26.4,94.3,116.8,253.2,Sedentary,Poor,Non-Smoker,0,0,0,0,1
48.0,Female,31.0,123.3,136.2,205.4,Sedentary,Average,Non-Smoker,1,0,1,1,1
57.0,Male,39.4,120.0,159.3,196.0,Sedentary,Poor,Former Smoker,0,1,1,1,0
23.0,Male,24.5,87.8,127.3,171.7,Sedentary,Average,Non-Smoker,0,0,0,0,0
46.0,Female,30.3,199.3,161.4,291.5,Active,Good,Current Smoker,0,0,1,1,1
44.0,Male,29.3,87.0,90.0,178.1,Active,Poor,Non-Smoker,0,0,0,0,0
28.0,Male,25.9,91.4,129.7,150.5,Moderate,Average,Former Smoker,1,1,0,0,0
33.0,Male,26.5,81.8,112.6,206.3,Active,Average,Former Smoker,0,0,0,0,1
69.0,Male,33.2,208.2,147.4,263.9,Moderate,Average,Current Smoker,0,0,1,1,1
30.0,Male,23.9,86.8,125.3,181.1,Active,Good,Former Smoker,0,0,0,0,0
33.0,Female,28.4,98.1,105.2,125.0,Moderate,Average,Former Smoker,0,0,0,0,0
29.0,Male,23.1,93.1,121.1,160.0,Active,Good,Non-Smoker,0,0,0,0,0
45.0,Female,26.0,96.5,113.1,217.4,Active,Average,Current Smoker,0,1,0,0,1
53.0,Male,28.4,188.0,148.0,239.1,Sedentary,Average,Former Smoker,1,0,1,1,1
42.0,Female,31.0,120.0,147.6,184.5,Active,Average,Current Smoker,0,0,1,1,0
39.0,Male,27.2,211.5,143.2,188.1,Sedentary,Average,Non-Smoker,1,0,1,1,0
51.0,Female,19.4,89.7,99.8,219.2,Active,Average,Non-Smoker,0,0,0,0,1
34.0,Male,24.6,91.9,95.9,218.0,Sedentary,Poor,Current Smoker,0,0,0,0,1
53.0,Male,27.4,83.1,125.4,211.8,Active,Good,Former Smoker,0,0,0,0,1
36.0,Male,25.7,117.7,103.8,125.0,Active,Good,Current Smoker,0,0,0,0,0
48.0,Female,23.0,105.2,128.9,137.6,Moderate,Average,Current Smoker,0,0,0,0,0
27.0,Male,22.7,118.0,122.6,175.6,Moderate,Good,Former Smoker,0,0,0,0,0
62.0,Female,22.5,95.0,119.2,215.1,Sedentary,Good,Non-Smoker,0,0,0,0,1
30.0,Male,22.5,87.2,123.0,158.2,Moderate,Good,Non-Smoker,1,0,0,0,0
54.0,Female,28.6,216.0,142.7,257.4,Active,Average,Former Smoker,1,0,1,1,1
55.0,Female,28.5,193.9,124.5,183.0,Sedentary,Good,Non-Smoker,0,0,1,0,0
52.0,Male,33.2,104.0,112.3,203.8,Sedentary,Good,Non-Smoker,0,0,0,0,1
51.0,Female,22.0,164.4,138.1,243.6,Moderate,Poor,Non-Smoker,1,0,1,1,1
50.0,Male,21.5,90.8,152.0,198.9,Sedentary,Average,Non-Smoker,0,0,0,1,0
50.0,Female,41.3,135.0,150.6,207.4,Moderate,Poor,Non-Smoker,1,0,1,1,1
53.0,Female,22.2,103.7,128.8,184.0,Active,Average,Non-Smoker,0,0,0,0,0
69.0,Female,33.9,141.9,120.9,194.0,Sedentary,Average,Current Smoker,0,1,1,0,0
68.0,Male,29.0,148.1,144.1,219.2,Sedentary,Average,Non-Smoker,1,0,1,1,1
40.0,Male,20.9,75.9,136.1,236.3,Active,Average,Non-Smoker,1,0,0,1,1
70.0,Female,23.3,167.4,130.9,258.9,Moderate,Average,Non-Smoker,1,0,1,1,1
50.0,Female,37.0,145.5,125.3,213.6,Sedentary,Average,Former Smoker,1,0,1,0,1
46.0,Male,28.1,177.1,153.8,206.2,Moderate,Poor,Former Smoker,0,1,1,1,1
53.0,Female,29.9,186.7,130.4,212.1,Moderate,Average,Non-Smoker,0,0,1,1,1
60.0,Female,43.9,120.0,124.1,198.0,Moderate,Poor,Non-Smoker,1,0,1,0,0
50.0,Female,24.6,116.5,114.4,183.3,Active,Good,Non-Smoker,0,0,0,0,0
64.0,Male,18.7,75.8,124.9,197.3,Moderate,Good,Former Smoker,0,0,0,0,0
63.0,Female,40.0,169.8,136.5,207.9,Sedentary,Poor,Former Smoker,1,1,1,1,1
46.0,Female,28.0,107.6,104.6,161.2,Active,Good,Former Smoker,0,0,0,0,0
18.0,Female,28.0,91.0,111.0,154.2,Moderate,Average,Former Smoker,0,0,0,0,0
60.0,Male,24.7,93.2,98.9,158.0,Active,Average,Current Smoker,0,0,0,0,0
20.0,Female,28.5,77.0,109.6,139.7,Moderate,Good,Non-Smoker,0,0,0,0,0
73.0,Male,40.0,192.0,129.7,166.7,Sedentary,Average,Current Smoker,1,0,1,0,0
49.0,Male,24.2,97.2,97.9,130.3,Moderate,Average,Former Smoker,0,0,0,0,0
25.0,Male,28.3,97.4,132.3,146.2,Moderate,Average,Former Smoker,0,0,0,1,0
31.0,Male,32.2,91.4,113.4,168.0,Moderate,Good,Non-Smoker,0,0,0,0,0
37.0,Male,22.9,118.0,108.0,164.4,Sedentary,Good,Non-Smoker,0,0,0,0,0
49.0,Male,33.4,145.5,112.8,236.0,Moderate,Average,Former Smoker,0,0,1,0,1
30.0,Female,27.9,181.7,102.0,236.4,Sedentary,Average,Non-Smoker,0,0,1,0,1
41.0,Male,20.7,85.4,108.9,159.4,Moderate,Good,Non-Smoker,0,1,0,0,0
40.0,Female,29.1,161.5,133.6,231.1,Sedentary,Poor,Non-Smoker,1,0,1,1,1
70.0,Male,18.8,88.0,120.7,156.0,Moderate,Good,Non-Smoker,0,0,0,0,0
60.0,Female,25.2,148.5,150.6,270.8,Moderate,Good,Former Smoker,0,0,1,1,1
20.0,Male,32.6,93.4,117.6,142.7,Moderate,Poor,Non-Smoker,1,0,0,0,0
35.0,Female,23.7,118.0,121.4,151.9,Moderate,Good,Non-Smoker,0,0,0,0,0
67.0,Male,31.9,118.0,156.4,202.8,Sedentary,Poor,Current Smoker,1,0,1,1,1
41.0,Female,21.1,97.2,128.3,172.5,Moderate,Good,Non-Smoker,0,0,0,0,0
30.0,Female,28.0,105.1,118.1,167.7,Active,Good,Non-Smoker,0,1,0,0,0
30.0,Female,21.3,93.5,116.3,224.4,Active,Average,Non-Smoker,0,0,0,0,1
49.0,Female,30.2,78.1,122.9,188.0,Moderate,Average,Non-Smoker,0,0,0,0,0
47.0,Male,31.0,120.0,143.5,221.4,Active,Average,Current Smoker,1,0,1,1,1
60.0,Female,27.7,132.4,138.0,180.7,Sedentary,Average,Former Smoker,1,0,1,1,0
27.0,Female,29.5,92.8,114.2,145.7,Active,Good,Former Smoker,1,0,0,0,0
67.0,Female,28.0,118.0,108.3,156.8,Moderate,Average,Non-Smoker,0,0,0,0,0
54.0,Male,37.2,118.0,158.9,205.1,Sedentary,Average,Non-Smoker,1,0,1,1,1
79.0,Female,37.5,120.0,141.3,292.5,Sedentary,Poor,Non-Smoker,1,1,1,1,1
51.0,Female,21.4,89.0,135.8,196.7,Sedentary,Good,Non-Smoker,0,0,0,1,0
43.0,Female,27.4,89.4,127.6,198.3,Active,Good,Current Smoker,0,0,0,0,0
41.0,Female,21.0,76.1,129.1,171.0,Sedentary,Average,Former Smoker,0,0,0,0,0
79.0,Female,32.8,161.2,151.5,189.1,Sedentary,Poor,Current Smoker,0,0,1,1,0
63.0,Male,25.4,194.9,147.0,176.3,Sedentary,Poor,Non-Smoker,0,0,1,1,0
23.0,Female,19.9,82.9,134.9,196.0,Active,Average,Non-Smoker,1,0,0,1,0
38.0,Male,35.0,168.5,133.2,250.9,Sedentary,Good,Non-Smoker,0,0,1,1,1
59.0,Male,34.1,120.0,109.7,196.2,Sedentary,Average,Current Smoker,0,0,1,0,0
47.0,Male,32.4,143.1,142.9,251.9,Moderate,Poor,Former Smoker,0,0,1,1,1
43.0,Female,24.8,104.5,113.4,134.0,Active,Average,Former Smoker,1,0,0,0,0
52.0,Male,22.4,109.7,105.0,194.6,Sedentary,Good,Current Smoker,0,0,0,0,0
46.0,Female,22.5,89.2,111.7,174.3,Moderate,Average,Non-Smoker,0,0,0,0,0
36.0,Female,22.9,87.4,91.5,125.0,Active,Good,Non-Smoker,0,0,0,0,0
30.0,Male,30.1,70.7,104.6,197.6,Active,Average,Non-Smoker,1,0,0,0,0
35.0,Female,21.7,102.3,119.2,234.5,Active,Good,Non-Smoker,0,0,0,0,1
43.0,Male,18.9,109.3,117.7,147.2,Active,Good,Non-Smoker,1,0,0,0,0
44.0,Male,24.6,124.4,141.1,217.8,Sedentary,Poor,Non-Smoker,1,0,1,1,1
64.0,Male,35.5,120.0,111.1,248.6,Sedentary,Good,Former Smoker,1,0,1,0,1
35.0,Female,31.5,143.2,147.6,230.7,Active,Poor,Current Smoker,0,0,1,1,1
35.0,Female,26.4,78.2,123.7,183.0,Active,Average,Non-Smoker,0,1,0,0,0
62.0,Male,24.1,76.7,102.6,157.0,Active,Good,Non-Smoker,0,0,0,0,0
57.0,Male,28.5,83.1,125.4,155.9,Active,Good,Non-Smoker,0,0,0,0,0
51.0,Female,28.0,120.0,119.1,222.4,Moderate,Poor,Current Smoker,0,0,1,0,1
37.0,Male,27.2,71.4,113.7,235.3,Active,Poor,Former Smoker,1,0,0,0,1
58.0,Male,30.3,96.4,118.7,173.5,Moderate,Poor,Non-Smoker,0,0,0,0,0
48.0,Male,30.3,149.3,106.4,200.3,Moderate,Average,Current Smoker,1,0,1,0,1
45.0,Female,26.8,86.1,118.2,141.8,Active,Poor,Non-Smoker,0,0,0,0,0
52.0,Female,36.1,228.4,152.1,156.0,Sedentary,Good,Non-Smoker,1,1,1,1,0
44.0,Male,22.0,139.0,151.9,242.9,Sedentary,Poor,Non-Smoker,1,0,1,1,1
50.0,Female,30.1,178.0,132.1,216.1,Active,Average,Former Smoker,1,0,1,1,1
49.0,Female,19.4,83.8,123.0,188.8,Active,Good,Non-Smoker,0,0,0,0,0
62.0,Female,35.2,221.9,141.9,265.6,Moderate,Average,Current Smoker,0,0,1,1,1
47.0,Female,32.0,161.9,146.7,186.4,Moderate,Poor,Current Smoker,0,0,1,1,0
53.0,Female,26.0,182.4,143.9,195.9,Moderate,Poor,Former Smoker,1,0,1,1,0
48.0,Female,40.1,159.3,165.0,223.9,Active,Average,Current Smoker,0,0,1,1,1
55.0,Female,18.9,99.5,123.7,218.9,Active,Good,Non-Smoker,0,0,0,0,1
19.0,Female,27.2,82.4,110.8,195.6,Active,Average,Former Smoker,0,0,0,0,0
50.0,Female,34.3,169.5,130.1,193.9,Sedentary,Good,Current Smoker,1,0,1,1,0
51.0,Female,39.8,120.0,130.8,243.7,Sedentary,Good,Current Smoker,1,0,1,1,1
70.0,Female,38.0,134.1,125.3,228.9,Moderate,Average,Former Smoker,1,0,1,1,1
51.0,Male,35.5,199.2,131.4,228.6,Moderate,Average,Former Smoker,1,1,1,1,1
59.0,Male,29.9,126.4,146.5,231.5,Moderate,Good,Current Smoker,1,0,1,1,1
55.0,Male,33.0,185.9,140.9,252.0,Sedentary,Good,Current Smoker,1,1,1,1,1
69.0,Male,32.8,142.2,151.9,222.6,Sedentary,Poor,Former Smoker,0,0,1,1,1
27.0,Male,28.0,87.7,125.9,149.6,Moderate,Good,Current Smoker,0,0,0,0,0
60.0,Male,30.0,109.7,119.1,174.7,Moderate,Good,Non-Smoker,0,0,0,0,0
30.0,Male,19.9,81.2,112.0,239.0,Sedentary,Good,Former Smoker,0,0,0,0,1
67.0,Male,32.7,118.0,125.3,196.6,Sedentary,Good,Current Smoker,1,0,1,1,0
51.0,Female,22.7,118.0,105.4,196.3,Active,Average,Current Smoker,1,0,0,0,0
48.0,Male,23.3,78.7,121.5,149.4,Active,Good,Former Smoker,1,0,0,0,0
43.0,Female,27.5,73.6,104.2,159.6,Sedentary,Good,Non-Smoker,0,0,0,0,0
28.0,Male,25.5,72.5,109.8,212.5,Active,Good,Non-Smoker,0,0,0,0,1
72.0,Female,28.3,140.5,109.8,250.8,Sedentary,Poor,Former Smoker,0,0,1,0,1
48.0,Male,20.9,76.5,94.4,191.4,Moderate,Poor,Non-Smoker,0,0,0,0,0
40.0,Female,26.7,93.2,113.3,202.8,Moderate,Average,Former Smoker,0,0,0,0,1
42.0,Female,24.2,91.3,122.4,145.8,Active,Average,Non-Smoker,0,0,0,0,0
65.0,Female,28.1,84.7,109.1,200.9,Moderate,Average,Current Smoker,0,0,0,0,1
78.0,Male,31.6,190.8,141.1,225.4,Moderate,Average,Current Smoker,1,0,1,1,1
68.0,Female,23.4,95.3,114.7,149.4,Active,Average,Non-Smoker,0,0,0,0,0
53.0,Male,36.1,217.3,157.7,215.9,Sedentary,Poor,Non-Smoker,1,0,1,1,1
47.0,Male,28.0,120.0,158.3,271.6,Moderate,Average,Non-Smoker,0,0,1,1,1
45.0,Female,24.4,103.0,121.8,216.8,Active,Good,Non-Smoker,0,0,0,0,1
36.0,Male,23.2,193.2,137.7,191.9,Moderate,Poor,Current Smoker,1,0,1,1,0
51.0,Male,45.7,147.6,138.4,196.0,Sedentary,Poor,Former Smoker,1,0,1,1,0
61.0,Male,28.0,93.1,130.7,196.6,Active,Good,Non-Smoker,0,0,0,1,0
62.0,Male,31.5,171.5,151.4,227.6,Sedentary,Average,Current Smoker,1,0,1,1,1
62.0,Male,32.7,207.3,150.8,242.5,Moderate,Average,Former Smoker,1,0,1,1,1
71.0,Male,28.0,127.4,164.1,194.8,Active,Poor,Former Smoker,1,0,1,1,0
24.0,Female,22.5,105.3,126.4,193.7,Sedentary,Poor,Non-Smoker,0,1,0,0,0
56.0,Male,32.5,136.6,145.5,171.3,Moderate,Average,Non-Smoker,1,0,1,1,0
54.0,Male,33.1,191.1,152.6,220.0,Moderate,Average,Non-Smoker,0,0,1,1,1
64.0,Female,26.7,68.0,92.9,173.2,Sedentary,Poor,Non-Smoker,0,0,0,0,0
34.0,Male,26.5,97.1,113.5,227.3,Moderate,Average,Non-Smoker,0,0,0,0,1
53.0,Male,42.0,138.7,144.9,181.9,Moderate,Poor,Current Smoker,0,0,1,1,0
82.0,Female,28.7,202.0,149.3,173.9,Active,Average,Former Smoker,1,0,1,1,0
59.0,Male,38.5,129.5,127.3,186.1,Sedentary,Poor,Non-Smoker,0,1,1,0,0
18.0,Male,21.8,73.2,96.2,191.4,Moderate,Average,Current Smoker,0,0,0,0,0
52.0,Male,31.9,163.5,112.5,228.1,Sedentary,Poor,Non-Smoker,0,0,1,0,1
37.0,Male,25.6,95.9,108.8,225.4,Active,Average,Former Smoker,0,0,0,0,1
37.0,Male,28.0,72.4,126.5,171.8,Moderate,Good,Former Smoker,0,0,0,0,0
59.0,Female,36.9,135.7,125.3,189.6,Sedentary,Average,Current Smoker,1,0,1,1,0
36.0,Female,21.7,79.2,120.7,181.4,Moderate,Average,Non-Smoker,0,0,0,0,0
58.0,Male,32.0,188.2,132.9,210.6,Sedentary,Poor,Former Smoker,0,0,1,1,1
43.0,Male,30.2,118.0,157.9,208.1,Moderate,Good,Non-Smoker,0,0,1,1,1
51.0,Female,28.0,170.1,152.8,225.7,Sedentary,Poor,Former Smoker,1,0,1,1,1
45.0,Female,27.9,84.8,124.6,183.4,Moderate,Good,Former Smoker,0,0,0,0,0
57.0,Female,24.2,102.4,103.0,208.4,Active,Average,Non-Smoker,0,0,0,0,1
44.0,Male,29.7,118.0,130.0,187.4,Active,Good,Non-Smoker,0,0,0,1,0
57.0,Male,26.1,140.7,134.5,204.5,Moderate,Average,Non-Smoker,0,0,1,1,1
24.0,Male,27.1,118.0,100.0,194.6,Sedentary,Average,Non-Smoker,0,0,0,0,0
65.0,Male,28.0,208.6,141.2,261.9,Sedentary,Average,Non-Smoker,0,0,1,1,1
34.0,Male,18.2,90.2,132.5,195.4,Moderate,Good,Former Smoker,1,0,0,1,0
61.0,Male,21.1,104.6,119.0,221.8,Active,Poor,Non-Smoker,0,0,0,0,1
49.0,Male,33.1,184.1,125.3,227.7,Moderate,Average,Current Smoker,0,0,1,0,1
54.0,Female,29.2,135.9,126.5,257.0,Moderate,Average,Former Smoker,0,0,1,0,1
51.0,Female,28.0,84.4,125.3,181.6,Moderate,Average,Non-Smoker,0,0,0,0,0
53.0,Female,25.9,158.9,127.3,224.2,Sedentary,Average,Former Smoker,1,0,1,0,1
27.0,Male,22.5,82.5,118.0,184.2,Sedentary,Average,Non-Smoker,0,0,0,0,0
67.0,Male,22.0,228.6,148.5,226.8,Moderate,Average,Former Smoker,1,0,1,1,1
56.0,Male,24.7,87.7,142.3,192.4,Active,Good,Non-Smoker,0,0,0,1,0
29.0,Male,29.3,96.2,93.2,137.0,Moderate,Average,Non-Smoker,1,0,0,0,0
76.0,Male,31.4,167.2,120.8,233.4,Sedentary,Good,Non-Smoker,0,1,1,0,1
46.0,Female,23.5,91.7,122.2,176.2,Moderate,Average,Former Smoker,0,0,0,0,0
46.0,Male,26.0,103.6,102.1,192.9,Active,Good,Current Smoker,0,0,0,0,0
56.0,Female,27.1,84.6,116.5,219.1,Moderate,Good,Non-Smoker,0,0,0,0,1
44.0,Female,39.7,120.0,119.9,250.0,Sedentary,Poor,Non-Smoker,1,0,1,0,1
37.0,Female,26.6,87.8,110.4,192.3,Sedentary,Poor,Non-Smoker,0,0,0,0,0
45.0,Female,24.0,209.3,136.8,240.4,Sedentary,Average,Non-Smoker,1,0,1,1,1
44.0,Male,24.7,71.9,108.8,186.5,Sedentary,Average,Non-Smoker,1,0,0,0,0
48.0,Female,25.9,98.0,113.2,207.4,Active,Good,Non-Smoker,0,0,0,0,1
59.0,Male,22.7,118.0,114.5,165.7,Active,Good,Non-Smoker,1,0,0,0,0
34.0,Male,27.3,82.8,112.8,168.3,Sedentary,Average,Non-Smoker,0,0,0,0,0
51.0,Female,20.4,77.3,108.9,171.0,Moderate,Average,Current Smoker,0,0,0,0,0
61.0,Male,23.7,90.4,125.7,211.2,Moderate,Good,Non-Smoker,0,0,0,0,1
50.0,Male,27.4,69.3,128.1,200.4,Active,Good,Non-Smoker,0,0,0,0,1
55.0,Female,27.7,169.7,143.8,262.3,Sedentary,Average,Non-Smoker,0,0,1,1,1
41.0,Female,24.2,96.3,119.4,170.0,Sedentary,Average,Non-Smoker,0,0,0,0,0
55.0,Female,25.4,92.3,144.2,179.8,Active,Average,Former Smoker,0,0,0,1,0
63.0,Female,33.1,135.1,136.7,225.8,Moderate,Average,Current Smoker,1,0,1,1,1
52.0,Male,28.0,158.0,135.3,172.2,Moderate,Average,Non-Smoker,1,0,1,1,0
35.0,Male,23.3,68.3,130.6,149.6,Active,Average,Non-Smoker,0,0,0,1,0
58.0,Female,21.3,82.5,96.7,150.9,Sedentary,Average,Non-Smoker,0,0,0,0,0
41.0,Male,27.5,97.4,114.2,187.6,Moderate,Average,Non-Smoker,0,0,0,0,0
20.0,Female,26.8,99.4,119.8,172.2,Moderate,Average,Current Smoker,1,0,0,0,0
32.0,Female,28.0,124.3,142.2,251.7,Sedentary,Average,Non-Smoker,1,0,1,1,1
44.0,Female,33.7,105.2,111.3,189.0,Active,Good,Non-Smoker,0,0,0,0,0
37.0,Male,20.6,110.8,113.3,181.1,Sedentary,Good,Non-Smoker,1,0,0,0,0
56.0,Male,31.6,83.5,113.8,180.6,Active,Average,Non-Smoker,1,0,0,0,0
45.0,Male,25.3,97.7,130.1,199.8,Sedentary,Average,Former Smoker,0,0,0,1,0
39.0,Male,39.8,150.3,136.1,233.5,Active,Poor,Current Smoker,1,0,1,1,1
53.0,Female,41.2,153.4,155.3,188.2,Moderate,Average,Current Smoker,0,0,1,1,0
49.0,Male,26.7,96.7,124.2,187.7,Active,Average,Non-Smoker,0,1,0,0,0
57.0,Female,28.6,118.0,99.2,162.3,Sedentary,Good,Non-Smoker,0,0,0,0,0
68.0,Female,35.6,120.0,146.4,234.6,Moderate,Average,Current Smoker,1,0,1,1,1
66.0,Male,28.0,85.5,120.1,176.0,Active,Average,Non-Smoker,0,0,0,0,0
50.0,Female,34.5,132.6,125.8,261.0,Sedentary,Poor,Non-Smoker,0,0,1,0,1
41.0,Male,29.3,101.0,116.0,178.5,Sedentary,Average,Non-Smoker,0,0,0,0,0
51.0,Male,21.0,88.4,90.0,208.6,Moderate,Good,Non-Smoker,0,0,0,0,1
52.0,Male,29.0,189.0,132.3,250.8,Active,Good,Non-Smoker,1,0,1,1,1
70.0,Male,42.9,167.0,133.3,231.6,Moderate,Average,Former Smoker,0,0,1,1,1
65.0,Male,29.6,120.0,162.3,197.3,Sedentary,Average,Non-Smoker,0,1,1,1,0
58.0,Male,29.8,185.1,130.1,171.2,Moderate,Poor,Current Smoker,1,0,1,1,0
49.0,Male,35.6,132.4,135.9,171.9,Moderate,Average,Former Smoker,1,1,1,1,0
36.0,Male,28.4,95.2,121.4,200.8,Moderate,Good,Non-Smoker,0,1,0,0,1
29.0,Male,28.0,81.1,106.5,142.9,Active,Good,Former Smoker,0,0,0,0,0
49.0,Female,35.1,182.6,153.2,227.9,Active,Good,Current Smoker,0,0,1,1,1
52.0,Male,26.4,92.3,119.5,230.5,Active,Good,Non-Smoker,0,0,0,0,1
59.0,Male,19.9,98.4,113.8,174.1,Moderate,Average,Non-Smoker,0,0,0,0,0
54.0,Female,28.6,68.0,115.8,189.2,Active,Average,Non-Smoker,0,0,0,0,0
26.0,Female,23.9,118.0,118.2,177.6,Moderate,Good,Non-Smoker,0,0,0,0,0
51.0,Male,30.9,96.2,129.4,191.9,Active,Good,Former Smoker,0,0,0,0,0
49.0,Female,33.8,190.3,132.8,221.9,Sedentary,Average,Non-Smoker,1,0,1,1,1
68.0,Male,24.3,162.5,133.2,263.0,Active,Poor,Non-Smoker,0,0,1,1,1
50.0,Female,24.6,104.5,111.5,202.6,Active,Good,Former Smoker,0,0,0,0,1
40.0,Female,26.0,93.0,137.3,194.9,Sedentary,Good,Current Smoker,1,0,0,1,0
69.0,Male,29.6,147.8,132.0,191.2,Sedentary,Average,Non-Smoker,0,0,1,1,0
64.0,Male,35.6,214.3,134.0,288.8,Sedentary,Average,Current Smoker,1,0,1,1,1
58.0,Female,31.8,131.7,143.5,240.6,Sedentary,Good,Former Smoker,1,1,1,1,1
45.0,Female,20.5,88.6,122.8,224.6,Active,Average,Current Smoker,0,0,0,0,1
32.0,Male,26.3,118.0,112.3,222.2,Sedentary,Good,Non-Smoker,1,0,0,0,1
37.0,Male,22.2,94.6,94.3,246.0,Sedentary,Average,Non-Smoker,0,0,0,0,1
37.0,Female,26.1,78.3,116.9,207.5,Moderate,Poor,Non-Smoker,1,0,0,0,1
50.0,Female,29.2,130.4,148.8,258.3,Active,Poor,Current Smoker,1,0,1,1,1
54.0,Male,30.6,152.1,164.8,186.1,Sedentary,Average,Non-Smoker,1,0,1,1,0
42.0,Female,45.7,202.8,144.0,264.9,Sedentary,Average,Former Smoker,1,1,1,1,1
31.0,Male,41.9,149.4,153.0,245.6,Moderate,Poor,Non-Smoker,0,0,1,1,1
60.0,Female,29.4,139.1,128.8,171.1,Sedentary,Good,Current Smoker,0,0,1,0,0
73.0,Female,27.0,180.9,114.2,179.3,Active,Poor,Non-Smoker,0,0,1,0,0
61.0,Male,20.2,86.1,125.3,202.3,Active,Good,Non-Smoker,1,0,0,0,1
44.0,Female,33.2,173.2,111.1,241.2,Moderate,Poor,Former Smoker,0,0,1,0,1
42.0,Male,24.4,138.7,111.1,200.3,Moderate,Average,Non-Smoker,0,0,1,0,1
38.0,Female,22.4,101.1,113.4,167.0,Moderate,Good,Former Smoker,0,0,0,0,0
27.0,Female,29.6,103.8,125.8,185.5,Moderate,Poor,Non-Smoker,0,1,0,0,0
63.0,Female,25.0,146.7,160.3,220.6,Active,Poor,Non-Smoker,1,0,1,1,1
64.0,Female,27.7,118.0,137.5,205.3,Moderate,Good,Non-Smoker,1,0,1,1,1
35.0,Female,22.6,107.1,120.3,199.6,Active,Average,Former Smoker,0,0,0,0,0
53.0,Female,36.7,120.0,132.0,231.2,Sedentary,Poor,Non-Smoker,0,0,1,1,1
24.0,Female,23.2,95.0,108.8,202.2,Active,Average,Former Smoker,0,0,0,0,1
59.0,Female,36.3,131.6,109.7,234.0,Moderate,Poor,Former Smoker,0,1,1,0,1
43.0,Male,40.7,118.0,150.1,216.0,Sedentary,Poor,Non-Smoker,0,1,1,1,1
50.0,Male,26.4,86.9,121.0,184.2,Moderate,Good,Non-Smoker,0,0,0,0,0
51.0,Male,32.8,146.7,141.7,249.3,Active,Average,Current Smoker,1,0,1,1,1
60.0,Female,24.7,118.0,120.5,197.3,Active,Average,Former Smoker,0,0,0,0,0
28.0,Female,28.0,103.7,105.4,202.6,Active,Average,Former Smoker,0,0,0,0,1
58.0,Male,32.9,184.8,129.4,227.1,Sedentary,Average,Non-Smoker,0,0,1,0,1
62.0,Male,39.8,162.6,151.1,145.6,Moderate,Average,Current Smoker,0,0,1,1,0
40.0,Female,24.9,92.3,127.2,181.2,Active,Average,Current Smoker,0,0,0,0,0
48.0,Female,26.5,200.7,137.7,203.6,Active,Poor,Non-Smoker,0,1,1,1,1
66.0,Female,21.8,96.6,127.2,175.0,Sedentary,Average,Current Smoker,0,0,0,0,0
65.0,Female,39.9,154.7,125.3,213.3,Active,Poor,Non-Smoker,0,0,1,0,1
46.0,Male,19.5,101.7,104.5,196.4,Moderate,Average,Former Smoker,0,0,0,0,0
66.0,Female,31.4,120.0,170.1,186.3,Sedentary,Average,Current Smoker,1,1,1,1,0
51.0,Female,31.2,120.0,130.8,255.0,Sedentary,Poor,Former Smoker,1,1,1,1,1
37.0,Male,19.3,102.4,129.5,191.9,Active,Poor,Non-Smoker,0,0,0,0,0
52.0,Male,33.6,152.7,115.5,217.1,Sedentary,Average,Former Smoker,1,0,1,0,1
57.0,Male,31.2,92.7,128.2,183.1,Sedentary,Good,Non-Smoker,0,0,0,0,0
61.0,Male,30.6,161.4,125.5,226.2,Moderate,Average,Non-Smoker,1,0,1,0,1
32.0,Female,28.1,78.2,113.9,196.2,Active,Average,Former Smoker,0,0,0,0,0
55.0,Female,27.1,94.9,109.5,210.5,Moderate,Average,Non-Smoker,0,0,0,0,1
45.0,Male,25.8,177.9,142.3,245.6,Active,Good,Former Smoker,1,0,1,1,1
61.0,Male,26.2,159.7,138.4,241.1,Active,Average,Former Smoker,0,0,1,1,1
65.0,Female,33.9,170.9,121.7,287.7,Active,Average,Non-Smoker,0,1,1,0,1
64.0,Male,25.3,202.6,143.2,155.6,Moderate,Good,Former Smoker,0,1,1,1,0
48.0,Male,23.9,84.9,117.4,155.2,Moderate,Average,Non-Smoker,1,0,0,0,0
70.0,Female,26.0,118.0,146.2,230.1,Sedentary,Average,Non-Smoker,1,0,1,1,1
50.0,Female,35.3,211.2,118.6,268.6,Sedentary,Average,Current Smoker,1,0,1,0,1
52.0,Male,29.1,92.4,115.1,227.3,Moderate,Average,Former Smoker,0,0,0,0,1
41.0,Female,17.5,87.9,125.1,162.0,Moderate,Average,Non-Smoker,0,0,0,0,0
39.0,Male,25.9,118.0,120.4,189.1,Active,Good,Non-Smoker,0,0,0,0,0
48.0,Male,23.9,109.4,125.1,186.1,Active,Good,Non-Smoker,0,0,0,0,0
60.0,Female,26.5,87.5,116.3,195.7,Moderate,Average,Former Smoker,0,0,0,0,0
48.0,Male,22.7,89.5,109.9,203.1,Active,Good,Non-Smoker,1,1,0,0,1
54.0,Female,21.8,86.2,111.2,198.5,Moderate,Average,Former Smoker,0,0,0,0,0
21.0,Female,27.1,93.7,116.1,175.8,Sedentary,Good,Current Smoker,0,1,0,0,0
46.0,Female,28.0,75.8,109.2,199.3,Active,Good,Former Smoker,1,0,0,0,0
51.0,Male,33.0,206.4,133.1,194.6,Sedentary,Average,Non-Smoker,0,0,1,1,0
40.0,Male,28.0,75.1,116.5,157.2,Active,Good,Former Smoker,0,1,0,0,0
50.0,Male,22.3,118.0,145.8,214.1,Moderate,Poor,Former Smoker,1,1,1,1,1
59.0,Female,26.7,90.1,133.0,206.3,Moderate,Average,Former Smoker,1,0,0,1,1
56.0,Male,39.0,143.3,123.0,214.3,Active,Average,Non-Smoker,1,0,1,0,1
46.0,Male,29.7,183.1,122.9,282.3,Moderate,Average,Non-Smoker,0,0,1,0,1
58.0,Male,22.8,100.8,115.0,147.2,Moderate,Good,Non-Smoker,1,0,0,0,0
58.0,Female,17.5,101.4,107.2,185.2,Moderate,Poor,Non-Smoker,0,1,0,0,0
44.0,Female,27.8,161.2,141.4,177.4,Moderate,Average,Current Smoker,0,0,1,1,0
45.0,Male,36.8,103.0,110.6,187.8,Sedentary,Average,Current Smoker,0,0,0,0,0
38.0,Male,23.8,94.6,115.6,189.2,Active,Average,Former Smoker,0,0,0,0,0
66.0,Female,34.5,146.0,131.2,193.5,Moderate,Poor,Non-Smoker,1,0,1,1,0
40.0,Male,21.6,92.7,114.2,178.7,Moderate,Good,Former Smoker,0,0,0,0,0
70.0,Female,17.7,103.1,105.2,163.9,Sedentary,Average,Non-Smoker,0,0,0,0,0
50.0,Female,29.6,120.0,131.0,214.4,Moderate,Average,Non-Smoker,1,0,1,1,1
45.0,Female,36.5,157.1,137.3,183.3,Sedentary,Average,Current Smoker,1,1,1,1,0
53.0,Female,18.1,81.9,131.6,187.2,Active,Poor,Former Smoker,1,0,0,1,0
69.0,Male,35.4,162.9,128.3,195.0,Sedentary,Average,Current Smoker,0,1,1,0,0
47.0,Male,32.2,179.1,110.9,248.8,Sedentary,Average,Former Smoker,1,0,1,0,1
37.0,Female,24.6,83.2,130.7,193.6,Sedentary,Average,Non-Smoker,0,0,0,1,0
46.0,Male,31.9,141.0,125.3,218.8,Active,Poor,Former Smoker,0,0,1,0,1
48.0,Male,27.9,187.4,135.4,283.6,Active,Average,Former Smoker,1,0,1,1,1
77.0,Male,24.7,127.2,137.7,228.2,Moderate,Average,Non-Smoker,0,0,1,1,1
68.0,Male,31.2,152.7,135.2,230.1,Sedentary,Poor,Non-Smoker,1,0,1,1,1
51.0,Female,27.6,221.1,115.8,223.1,Sedentary,Average,Former Smoker,0,0,1,0,1
74.0,Female,41.4,120.0,136.3,246.2,Active,Average,Current Smoker,1,0,1,1,1
31.0,Female,25.1,84.7,129.9,146.2,Active,Average,Non-Smoker,0,0,0,0,0
58.0,Male,36.6,120.0,120.7,260.3,Moderate,Average,Former Smoker,1,0,1,0,1
55.0,Male,30.6,118.0,144.4,261.3,Moderate,Poor,Former Smoker,0,0,1,1,1
58.0,Male,36.0,160.3,126.1,230.2,Moderate,Average,Non-Smoker,1,0,1,0,1
57.0,Male,28.0,168.4,118.0,232.0,Active,Good,Non-Smoker,1,0,1,0,1
47.0,Female,22.1,86.9,123.7,227.6,Moderate,Good,Current Smoker,0,0,0,0,1
24.0,Male,30.8,120.0,133.9,191.7,Sedentary,Average,Non-Smoker,0,0,1,1,0
48.0,Female,34.4,135.3,134.4,186.4,Sedentary,Poor,Current Smoker,1,0,1,1,0
37.0,Female,30.6,188.8,108.5,192.7,Sedentary,Poor,Former Smoker,1,0,1,0,0
35.0,Female,41.0,124.8,159.8,242.6,Moderate,Average,Former Smoker,1,0,1,1,1
48.0,Male,29.4,82.0,115.6,182.2,Active,Average,Non-Smoker,1,0,0,0,0
44.0,Male,27.5,71.1,109.8,223.8,Moderate,Good,Non-Smoker,1,0,0,0,1
50.0,Female,20.3,85.7,115.6,142.1,Active,Average,Current Smoker,0,0,0,0,0
41.0,Female,22.2,85.8,117.9,171.8,Moderate,Average,Non-Smoker,0,0,0,0,0
30.0,Male,32.2,89.7,123.4,218.6,Active,Average,Non-Smoker,0,0,0,0,1
48.0,Male,21.8,88.9,126.1,176.3,Sedentary,Good,Former Smoker,0,0,0,0,0
63.0,Male,36.5,182.2,133.7,296.4,Moderate,Average,Current Smoker,0,1,1,1,1
51.0,Female,29.7,172.3,132.8,241.3,Sedentary,Poor,Non-Smoker,1,0,1,1,1
48.0,Female,30.0,89.9,114.1,184.6,Active,Average,Former Smoker,0,0,0,0,0
67.0,Male,36.3,192.4,134.7,218.3,Sedentary,Poor,Current Smoker,1,0,1,1,1
48.0,Female,24.3,93.2,101.1,148.5,Active,Good,Non-Smoker,0,0,0,0,0
66.0,Female,39.8,120.0,138.5,242.8,Moderate,Poor,Current Smoker,1,0,1,1,1
60.0,Male,36.7,135.6,145.4,201.9,Sedentary,Average,Former Smoker,0,0,1,1,1
66.0,Female,35.1,183.0,143.0,195.7,Moderate,Average,Current Smoker,1,0,1,1,0
45.0,Female,24.7,89.0,119.0,221.3,Sedentary,Poor,Former Smoker,0,0,0,0,1
64.0,Female,23.9,83.6,110.6,143.5,Moderate,Poor,Former Smoker,0,0,0,0,0
54.0,Female,18.7,118.0,127.3,156.1,Active,Average,Non-Smoker,0,0,0,0,0
60.0,Female,28.0,91.5,131.6,227.0,Active,Good,Former Smoker,0,0,0,1,1
53.0,Female,22.0,173.6,130.8,265.9,Moderate,Poor,Current Smoker,1,0,1,1,1
61.0,Male,24.0,192.5,125.3,185.8,Sedentary,Average,Former Smoker,1,0,1,1,0
44.0,Female,32.8,109.6,133.4,154.7,Moderate,Poor,Non-Smoker,1,0,0,1,0
51.0,Female,27.8,88.3,124.7,176.8,Moderate,Good,Non-Smoker,0,0,0,0,0
38.0,Female,21.7,98.6,120.6,125.0,Sedentary,Poor,Non-Smoker,1,0,0,0,0
51.0,Male,34.8,149.2,134.5,194.4,Sedentary,Average,Current Smoker,1,0,1,1,0
33.0,Male,17.5,106.7,112.9,175.8,Active,Good,Former Smoker,1,0,0,0,0
54.0,Male,32.6,158.5,115.3,229.8,Sedentary,Average,Current Smoker,1,0,1,0,1
61.0,Male,30.0,177.1,129.8,221.6,Sedentary,Poor,Current Smoker,1,0,1,0,1
48.0,Male,28.0,87.8,107.8,145.1,Active,Good,Current Smoker,0,0,0,0,0
18.0,Male,27.0,84.6,108.1,161.0,Active,Average,Non-Smoker,0,0,0,0,0
62.0,Male,30.1,173.6,155.4,258.8,Active,Good,Non-Smoker,0,1,1,1,1
62.0,Female,28.8,78.9,115.2,190.7,Active,Average,Non-Smoker,0,0,0,0,0
41.0,Male,31.0,144.9,139.0,178.6,Sedentary,Good,Former Smoker,1,0,1,1,0
45.0,Male,26.6,91.7,111.5,142.2,Active,Average,Former Smoker,0,1,0,0,0
63.0,Male,30.4,166.0,125.5,236.8,Sedentary,Good,Current Smoker,0,0,1,0,1
58.0,Female,32.8,165.9,154.9,226.2,Sedentary,Average,Current Smoker,1,1,1,1,1
80.0,Female,23.3,94.6,120.2,224.8,Active,Good,Non-Smoker,0,0,0,0,1
18.0,Female,25.8,118.0,121.9,197.2,Sedentary,Good,Former Smoker,1,0,0,0,0
46.0,Male,25.8,100.1,110.2,179.5,Moderate,Average,Non-Smoker,1,0,0,0,0
63.0,Female,36.1,164.6,147.5,204.5,Moderate,Poor,Current Smoker,0,0,1,1,1
47.0,Male,29.3,118.0,139.8,198.6,Sedentary,Poor,Non-Smoker,1,0,1,1,0
30.0,Male,24.5,99.3,124.7,153.4,Moderate,Average,Former Smoker,0,0,0,0,0
64.0,Male,34.5,150.3,114.3,173.5,Moderate,Average,Current Smoker,1,0,1,0,0
58.0,Female,32.1,159.6,146.6,248.4,Moderate,Poor,Non-Smoker,1,1,1,1,1
43.0,Male,19.1,86.7,127.2,218.0,Active,Good,Non-Smoker,0,0,0,0,1
49.0,Male,21.1,92.4,125.9,166.0,Active,Average,Non-Smoker,0,0,0,0,0
43.0,Male,22.6,76.4,121.2,180.8,Active,Average,Former Smoker,1,0,0,0,0
51.0,Female,40.0,171.6,139.6,232.4,Sedentary,Average,Current Smoker,0,0,1,1,1
73.0,Female,37.8,187.5,176.3,265.7,Moderate,Poor,Current Smoker,1,0,1,1,1
66.0,Male,41.9,185.6,122.0,232.4,Sedentary,Average,Non-Smoker,1,0,1,0,1
67.0,Male,30.6,173.3,129.6,282.8,Moderate,Poor,Former Smoker,1,0,1,0,1
74.0,Male,22.1,73.8,122.2,183.2,Sedentary,Good,Former Smoker,0,0,0,0,0
38.0,Male,24.4,92.9,98.2,224.8,Sedentary,Good,Non-Smoker,1,1,0,0,1
61.0,Male,31.6,125.7,146.8,268.0,Sedentary,Average,Former Smoker,1,0,1,1,1
68.0,Female,31.5,182.3,125.3,263.0,Moderate,Average,Non-Smoker,1,1,1,1,1
61.0,Male,29.4,171.2,133.8,226.3,Sedentary,Average,Non-Smoker,1,0,1,1,1
44.0,Female,30.8,179.6,125.3,222.9,Moderate,Poor,Current Smoker,1,0,1,1,1
51.0,Male,27.0,106.9,96.8,222.3,Active,Average,Former Smoker,0,0,0,0,1
65.0,Female,28.0,72.8,125.3,147.4,Active,Poor,Non-Smoker,1,0,0,0,0
33.0,Male,26.8,88.0,126.7,204.2,Active,Average,Current Smoker,1,0,0,0,1
60.0,Male,28.0,179.6,146.0,270.4,Sedentary,Good,Former Smoker,0,0,1,1,1
60.0,Female,24.8,92.0,100.8,186.4,Moderate,Average,Non-Smoker,0,0,0,0,0
57.0,Female,27.8,81.5,123.2,162.8,Sedentary,Good,Non-Smoker,0,1,0,0,0
54.0,Female,21.6,87.1,117.5,163.8,Moderate,Good,Non-Smoker,1,0,0,0,0
35.0,Male,23.9,70.5,111.4,196.0,Moderate,Good,Current Smoker,0,0,0,0,0
80.0,Female,21.1,87.3,115.2,185.3,Moderate,Average,Former Smoker,0,0,0,0,0
30.0,Female,17.5,118.0,114.8,188.1,Moderate,Good,Current Smoker,0,0,0,0,0
41.0,Male,19.8,98.9,112.5,182.4,Moderate,Good,Non-Smoker,1,0,0,0,0
65.0,Male,31.2,172.1,138.4,270.3,Moderate,Poor,Non-Smoker,0,1,1,1,1
74.0,Male,26.1,154.7,117.3,229.3,Active,Poor,Current Smoker,0,0,1,0,1
59.0,Male,35.6,163.1,157.3,270.4,Sedentary,Poor,Non-Smoker,0,0,1,1,1
18.0,Female,17.5,92.4,119.1,183.4,Active,Good,Former Smoker,0,0,0,0,0
60.0,Male,33.3,222.8,143.8,185.8,Active,Good,Current Smoker,0,1,1,1,0
56.0,Male,30.1,143.3,125.1,226.4,Sedentary,Poor,Current Smoker,0,0,1,0,1
26.0,Male,24.6,76.0,119.7,129.8,Sedentary,Good,Non-Smoker,1,0,0,0,0
69.0,Male,26.3,141.9,115.5,220.4,Sedentary,Average,Former Smoker,0,0,1,0,1
43.0,Male,26.6,84.6,109.1,204.1,Active,Poor,Current Smoker,0,0,0,0,1
58.0,Female,32.2,162.7,125.3,237.3,Sedentary,Poor,Non-Smoker,1,0,1,0,1
66.0,Female,28.0,175.8,137.6,231.4,Sedentary,Poor,Non-Smoker,1,0,1,1,1
22.0,Male,27.8,94.7,120.5,224.4,Sedentary,Average,Former Smoker,0,1,0,0,1
73.0,Male,38.9,156.0,115.6,185.2,Moderate,Poor,Former Smoker,0,0,1,0,0
51.0,Female,31.9,118.0,112.0,157.4,Active,Good,Non-Smoker,0,0,0,0,0
32.0,Female,26.8,178.7,127.0,210.5,Sedentary,Poor,Former Smoker,1,1,1,0,1
38.0,Female,24.1,77.2,109.9,188.6,Moderate,Good,Non-Smoker,0,0,0,0,0
58.0,Male,43.7,120.0,157.2,285.8,Sedentary,Average,Former Smoker,1,0,1,1,1
39.0,Female,21.5,89.3,125.3,197.3,Active,Average,Current Smoker,0,0,0,0,0
38.0,Female,27.2,88.9,94.8,182.9,Active,Good,Non-Smoker,0,0,0,0,0
66.0,Female,20.0,92.3,120.0,160.4,Moderate,Good,Former Smoker,0,0,0,0,0
49.0,Male,31.1,90.1,131.6,197.9,Moderate,Average,Non-Smoker,0,0,0,1,0
52.0,Male,35.8,173.5,120.5,211.1,Moderate,Poor,Former Smoker,1,0,1,0,1
49.0,Female,41.2,192.3,145.7,230.9,Moderate,Average,Former Smoker,0,0,1,1,1
57.0,Female,35.8,216.1,141.7,181.0,Sedentary,Average,Former Smoker,0,1,1,1,0
58.0,Female,35.2,167.5,150.8,209.1,Sedentary,Poor,Non-Smoker,1,1,1,1,1
67.0,Female,28.0,146.4,146.3,214.2,Sedentary,Poor,Former Smoker,0,0,1,1,1
53.0,Female,34.2,207.6,149.6,233.8,Active,Poor,Non-Smoker,1,0,1,1,1
58.0,Male,31.3,76.5,118.5,157.9,Moderate,Poor,Former Smoker,1,0,0,0,0
73.0,Female,31.2,191.5,146.4,229.2,Active,Good,Former Smoker,0,0,1,1,1
61.0,Female,31.0,197.9,103.6,252.6,Moderate,Poor,Current Smoker,1,0,1,0,1
62.0,Female,27.7,193.0,165.7,222.5,Moderate,Average,Non-Smoker,1,0,1,1,1
54.0,Male,27.2,81.4,125.3,182.5,Active,Average,Current Smoker,0,0,0,0,0
66.0,Male,25.7,86.6,121.1,213.6,Sedentary,Average,Non-Smoker,1,0,0,0,1
57.0,Female,18.9,105.5,124.4,193.6,Moderate,Poor,Former Smoker,0,0,0,0,0
49.0,Female,23.1,93.0,113.8,168.4,Active,Good,Non-Smoker,0,0,0,0,0
57.0,Male,28.0,189.6,121.7,234.3,Sedentary,Good,Former Smoker,0,1,1,0,1
59.0,Male,27.5,176.4,125.3,215.5,Active,Poor,Former Smoker,1,0,1,1,1
78.0,Female,32.8,118.0,112.4,207.0,Active,Good,Former Smoker,0,0,0,0,1
50.0,Male,29.0,84.8,127.3,165.2,Moderate,Good,Non-Smoker,0,0,0,0,0
46.0,Female,29.7,136.6,136.6,253.0,Active,Average,Non-Smoker,0,0,1,1,1
45.0,Female,32.3,120.0,128.9,306.5,Moderate,Poor,Non-Smoker,1,0,1,0,1
43.0,Male,30.7,118.0,108.0,185.2,Moderate,Average,Non-Smoker,0,0,0,0,0
71.0,Female,41.7,125.0,108.1,203.9,Sedentary,Poor,Non-Smoker,1,1,1,0,1
44.0,Female,18.4,97.7,126.2,155.6,Moderate,Good,Non-Smoker,0,0,0,0,0
50.0,Female,28.7,120.0,122.7,205.7,Active,Poor,Non-Smoker,1,1,1,0,1
44.0,Male,30.0,120.0,123.0,229.9,Sedentary,Poor,Former Smoker,0,0,1,0,1
75.0,Female,39.1,209.4,131.8,231.2,Moderate,Average,Former Smoker,0,0,1,1,1
61.0,Male,38.9,153.9,133.3,229.8,Sedentary,Average,Non-Smoker,1,0,1,1,1
56.0,Female,44.8,168.2,151.8,195.7,Sedentary,Average,Non-Smoker,0,0,1,1,0
55.0,Male,26.4,80.4,109.0,217.0,Active,Good,Former Smoker,0,1,0,0,1
48.0,Male,33.8,164.6,118.1,145.0,Moderate,Poor,Non-Smoker,1,0,1,0,0
45.0,Male,28.0,77.3,138.0,157.5,Moderate,Average,Non-Smoker,0,0,0,1,0
65.0,Male,32.6,186.2,144.6,186.8,Sedentary,Good,Non-Smoker,0,0,1,1,0
59.0,Male,25.8,118.0,131.6,245.6,Sedentary,Poor,Current Smoker,0,0,1,1,1
27.0,Female,26.3,85.7,119.5,154.8,Active,Average,Non-Smoker,0,0,0,0,0
60.0,Female,20.3,95.5,118.6,159.3,Moderate,Average,Non-Smoker,0,0,0,0,0
60.0,Male,37.2,144.7,154.2,291.7,Moderate,Poor,Former Smoker,1,0,1,1,1
65.0,Female,31.4,120.0,131.5,198.1,Sedentary,Average,Former Smoker,0,0,1,1,0
71.0,Male,33.5,164.8,122.2,198.2,Moderate,Good,Former Smoker,1,0,1,0,0
60.0,Male,38.8,139.4,130.1,239.1,Sedentary,Poor,Non-Smoker,1,0,1,1,1
51.0,Male,28.0,112.6,111.1,186.6,Active,Poor,Former Smoker,0,0,0,0,0
57.0,Male,35.6,251.9,153.9,234.3,Sedentary,Poor,Former Smoker,0,0,1,1,1
38.0,Male,28.0,77.9,134.7,190.7,Active,Average,Non-Smoker,0,0,0,1,0
23.0,Male,20.7,91.8,104.8,196.8,Active,Good,Current Smoker,1,0,0,0,0
59.0,Female,39.4,195.5,132.6,241.7,Active,Average,Non-Smoker,0,1,1,1,1
67.0,Female,20.8,91.5,102.4,203.5,Sedentary,Average,Non-Smoker,1,0,0,0,1
50.0,Male,30.1,118.0,125.3,218.8,Sedentary,Average,Non-Smoker,0,1,1,0,1
60.0,Female,24.7,86.2,133.7,197.9,Sedentary,Average,Non-Smoker,1,1,0,1,0
50.0,Female,26.9,164.5,127.4,235.2,Moderate,Poor,Current Smoker,0,0,1,0,1
83.0,Male,27.2,194.6,141.3,210.8,Moderate,Average,Current Smoker,1,0,1,1,1
47.0,Female,29.2,88.7,105.9,194.4,Moderate,Good,Non-Smoker,0,0,0,0,0
40.0,Male,34.1,161.9,124.6,232.1,Moderate,Average,Former Smoker,0,0,1,0,1
55.0,Female,39.7,155.9,141.6,303.5,Moderate,Poor,Non-Smoker,1,0,1,1,1
50.0,Female,31.4,140.9,134.4,197.9,Moderate,Good,Former Smoker,0,0,1,1,0
66.0,Male,31.3,215.5,126.1,260.3,Sedentary,Average,Current Smoker,0,0,1,0,1
48.0,Male,28.1,89.4,93.2,173.1,Moderate,Average,Non-Smoker,0,0,0,0,0
45.0,Female,26.6,126.5,140.4,212.8,Sedentary,Poor,Current Smoker,1,0,1,1,1
70.0,Female,37.4,172.1,137.8,209.6,Sedentary,Average,Former Smoker,0,0,1,1,1
59.0,Female,26.8,134.1,120.2,291.0,Sedentary,Average,Current Smoker,0,0,1,0,1
49.0,Female,23.4,79.7,113.6,193.6,Active,Good,Current Smoker,1,0,0,0,0
58.0,Female,27.4,68.1,90.3,170.5,Active,Poor,Non-Smoker,1,0,0,0,0
41.0,Female,26.2,86.5,115.5,147.1,Active,Good,Non-Smoker,0,0,0,0,0
43.0,Female,29.4,91.0,124.7,179.4,Moderate,Poor,Non-Smoker,0,0,0,0,0
37.0,Male,22.5,113.8,112.3,149.4,Active,Average,Current Smoker,1,0,0,0,0
25.0,Female,19.6,89.0,110.7,178.4,Sedentary,Good,Non-Smoker,0,0,0,0,0
66.0,Male,27.1,135.0,110.9,260.6,Moderate,Average,Current Smoker,1,0,1,0,1
46.0,Female,31.3,171.3,149.5,232.3,Moderate,Poor,Non-Smoker,1,0,1,1,1
34.0,Female,25.5,85.9,100.2,174.1,Active,Average,Non-Smoker,1,1,0,0,0
78.0,Female,19.5,97.3,141.8,224.8,Moderate,Average,Former Smoker,1,0,0,1,1
43.0,Male,28.1,106.7,124.4,203.9,Moderate,Poor,Non-Smoker,0,0,0,0,1
55.0,Male,27.2,208.3,142.2,182.8,Moderate,Average,Non-Smoker,1,0,1,1,0
58.0,Male,30.0,143.5,147.0,200.8,Sedentary,Poor,Current Smoker,0,0,1,1,1
70.0,Female,38.0,129.7,140.1,273.5,Sedentary,Poor,Former Smoker,1,0,1,1,1
49.0,Male,27.0,85.2,117.3,181.4,Active,Good,Current Smoker,0,0,0,0,0
35.0,Female,30.9,91.8,100.9,174.0,Sedentary,Average,Non-Smoker,0,0,0,0,0
56.0,Male,38.5,208.8,124.3,224.1,Sedentary,Average,Former Smoker,0,0,1,0,1
76.0,Female,29.0,73.8,118.4,157.1,Moderate,Average,Former Smoker,0,0,0,0,0
71.0,Female,29.0,156.6,130.1,204.1,Sedentary,Poor,Current Smoker,0,0,1,1,1
53.0,Male,17.5,90.1,115.3,216.3,Active,Good,Non-Smoker,0,0,0,0,1
58.0,Female,39.6,173.3,127.3,245.4,Sedentary,Poor,Former Smoker,0,0,1,0,1
49.0,Female,26.7,82.9,123.3,125.1,Moderate,Average,Non-Smoker,0,0,0,0,0
76.0,Male,28.7,82.9,128.7,164.0,Active,Poor,Former Smoker,0,0,0,0,0
32.0,Female,20.8,108.6,122.5,184.0,Active,Average,Former Smoker,0,0,0,0,0
43.0,Male,23.5,97.1,108.6,166.2,Moderate,Average,Non-Smoker,0,0,0,0,0
54.0,Female,31.1,118.0,123.4,264.0,Sedentary,Poor,Former Smoker,0,0,1,0,1
60.0,Female,31.8,176.9,121.3,216.9,Moderate,Poor,Current Smoker,1,0,1,0,1
35.0,Male,30.3,122.7,145.1,249.7,Sedentary,Good,Former Smoker,1,1,1,1,1
78.0,Male,35.8,182.3,135.6,172.9,Moderate,Poor,Former Smoker,1,0,1,1,0
37.0,Female,23.9,81.3,122.7,211.5,Active,Average,Non-Smoker,0,0,0,0,1
57.0,Female,27.3,80.3,113.2,182.7,Active,Average,Former Smoker,0,0,0,0,0
44.0,Female,29.6,120.5,141.0,259.3,Moderate,Average,Former Smoker,1,0,1,1,1
35.0,Female,30.4,163.0,116.7,185.3,Moderate,Poor,Former Smoker,1,0,1,0,0
45.0,Male,18.8,85.1,127.1,228.0,Moderate,Good,Non-Smoker,0,0,0,0,1
45.0,Male,24.0,75.7,101.0,200.6,Moderate,Average,Non-Smoker,0,0,0,0,1
39.0,Male,34.4,120.0,133.2,229.8,Moderate,Average,Non-Smoker,1,0,1,1,1
57.0,Female,38.7,128.1,137.1,201.4,Moderate,Average,Former Smoker,0,0,1,1,1
39.0,Male,20.7,96.6,119.5,125.0,Active,Good,Non-Smoker,1,0,0,0,0
32.0,Female,29.3,86.1,95.0,185.7,Moderate,Average,Non-Smoker,0,0,0,0,0
62.0,Male,33.7,151.3,137.4,279.3,Active,Average,Non-Smoker,0,1,1,1,1
51.0,Female,39.7,188.2,151.5,195.9,Sedentary,Poor,Former Smoker,0,0,1,1,0
37.0,Female,17.5,72.8,121.2,176.1,Moderate,Average,Non-Smoker,0,0,0,0,0
43.0,Male,40.5,120.0,166.4,260.5,Active,Good,Current Smoker,0,0,1,1,1
63.0,Male,31.5,171.8,125.3,232.6,Moderate,Poor,Non-Smoker,0,0,1,1,1
35.0,Male,32.1,118.0,109.4,151.6,Moderate,Good,Former Smoker,0,0,0,0,0
58.0,Female,26.4,107.7,120.5,172.6,Moderate,Good,Former Smoker,0,0,0,0,0
40.0,Female,17.5,104.0,104.7,205.9,Active,Good,Non-Smoker,0,0,0,0,1
48.0,Female,33.2,144.4,138.3,174.5,Active,Average,Former Smoker,1,0,1,1,0
56.0,Male,27.0,216.3,146.3,235.0,Sedentary,Average,Non-Smoker,0,0,1,1,1
56.0,Female,26.1,109.1,124.5,131.0,Sedentary,Average,Former Smoker,0,0,0,0,0
67.0,Female,21.7,98.4,114.2,234.6,Active,Good,Non-Smoker,1,0,0,0,1
81.0,Female,43.0,166.8,132.5,259.5,Moderate,Poor,Current Smoker,1,1,1,1,1
63.0,Male,34.9,150.0,109.4,240.6,Sedentary,Good,Non-Smoker,0,0,1,0,1
47.0,Male,30.9,80.0,109.1,217.0,Active,Poor,Non-Smoker,0,0,0,0,1
51.0,Male,30.3,88.6,102.3,178.6,Active,Good,Non-Smoker,0,0,0,0,0
71.0,Female,28.0,191.3,124.4,261.2,Active,Average,Former Smoker,1,0,1,0,1
38.0,Female,17.5,103.8,123.5,180.2,Moderate,Good,Non-Smoker,1,0,0,0,0
55.0,Male,28.0,96.2,127.0,209.6,Moderate,Good,Non-Smoker,0,0,0,0,1
31.0,Female,24.9,74.5,109.6,160.6,Moderate,Good,Former Smoker,0,0,0,0,0
35.0,Female,30.5,89.1,104.7,180.3,Sedentary,Average,Non-Smoker,1,0,0,0,0
47.0,Male,29.8,108.0,114.5,178.8,Active,Good,Non-Smoker,0,0,0,0,0
50.0,Female,34.2,197.6,124.7,258.8,Moderate,Average,Non-Smoker,0,1,1,0,1
58.0,Male,23.0,138.1,150.8,145.0,Sedentary,Average,Former Smoker,0,0,1,1,0
47.0,Female,19.2,86.5,116.8,207.6,Sedentary,Average,Non-Smoker,0,0,0,0,1
44.0,Male,30.0,77.7,125.1,158.6,Active,Good,Non-Smoker,1,0,0,0,0
57.0,Male,36.5,152.3,141.8,254.7,Sedentary,Poor,Non-Smoker,0,0,1,1,1
56.0,Female,32.0,186.3,118.4,219.3,Moderate,Average,Current Smoker,0,0,1,0,1
34.0,Female,24.8,118.0,114.7,203.2,Active,Average,Former Smoker,0,0,0,0,1
40.0,Female,37.5,160.3,141.7,217.1,Sedentary,Average,Former Smoker,1,0,1,1,1
57.0,Male,31.7,150.3,125.3,203.4,Moderate,Poor,Non-Smoker,0,0,1,1,1
49.0,Male,31.4,118.0,104.1,154.1,Active,Good,Non-Smoker,0,0,0,0,0
23.0,Female,23.5,106.6,109.6,194.8,Active,Good,Former Smoker,0,0,0,0,0
66.0,Male,29.2,162.0,104.6,210.7,Active,Poor,Non-Smoker,1,0,1,0,1
31.0,Female,24.9,95.6,111.2,166.1,Active,Average,Non-Smoker,1,1,0,0,0
37.0,Male,41.3,165.2,155.8,213.4,Moderate,Poor,Non-Smoker,0,0,1,1,1
60.0,Male,20.5,89.8,123.8,180.8,Sedentary,Good,Non-Smoker,1,0,0,0,0
68.0,Female,26.2,123.0,152.1,226.2,Sedentary,Good,Non-Smoker,0,0,1,1,1
73.0,Male,22.5,81.1,105.5,157.2,Moderate,Average,Non-Smoker,0,0,0,0,0
51.0,Male,24.7,92.9,120.1,197.1,Moderate,Good,Non-Smoker,1,0,0,0,0
44.0,Male,31.1,118.0,124.1,172.0,Active,Poor,Non-Smoker,0,0,0,0,0
61.0,Female,34.2,118.0,125.3,162.8,Sedentary,Average,Former Smoker,1,0,1,1,0
40.0,Female,24.9,100.5,112.4,187.7,Sedentary,Good,Former Smoker,0,0,0,0,0
45.0,Female,20.3,80.3,97.5,204.8,Sedentary,Average,Non-Smoker,0,0,0,0,1
49.0,Female,27.3,87.4,110.9,221.4,Sedentary,Average,Non-Smoker,0,0,0,0,1
65.0,Female,20.3,100.3,120.7,150.2,Sedentary,Good,Former Smoker,0,0,0,0,0
66.0,Female,29.1,89.4,129.4,177.9,Sedentary,Average,Non-Smoker,0,0,0,0,0
34.0,Male,39.0,176.9,122.8,230.1,Active,Average,Former Smoker,0,0,1,0,1
59.0,Female,37.6,170.3,146.9,202.2,Sedentary,Good,Current Smoker,1,0,1,1,1
29.0,Male,25.0,92.1,122.6,177.8,Moderate,Good,Non-Smoker,0,0,0,0,0
63.0,Female,26.5,120.0,134.5,218.8,Moderate,Poor,Former Smoker,0,0,1,1,1
47.0,Female,30.5,84.3,102.2,166.9,Active,Average,Former Smoker,0,0,0,0,0
67.0,Female,39.7,160.0,125.4,326.5,Sedentary,Poor,Former Smoker,1,0,1,0,1
61.0,Male,30.3,158.7,147.6,208.6,Moderate,Poor,Non-Smoker,1,1,1,1,1
40.0,Female,22.5,83.3,121.4,151.9,Moderate,Average,Non-Smoker,0,0,0,0,0
63.0,Female,22.0,120.0,152.4,285.2,Sedentary,Poor,Former Smoker,0,0,1,1,1
45.0,Male,20.3,91.5,111.1,190.1,Active,Average,Current Smoker,0,0,0,0,0
63.0,Male,28.0,168.5,132.4,226.4,Sedentary,Average,Non-Smoker,0,0,1,1,1
46.0,Male,25.3,132.5,133.5,220.8,Sedentary,Poor,Non-Smoker,1,0,1,1,1
37.0,Male,24.5,87.1,123.0,193.0,Moderate,Good,Non-Smoker,0,0,0,0,0
51.0,Male,28.0,136.0,145.6,209.3,Sedentary,Poor,Non-Smoker,1,0,1,1,1
40.0,Male,24.1,91.9,136.9,196.9,Moderate,Poor,Current Smoker,0,0,0,1,0
63.0,Male,22.0,120.0,128.4,158.7,Moderate,Average,Former Smoker,1,1,1,0,0
37.0,Male,23.4,85.8,127.4,186.4,Moderate,Good,Current Smoker,0,0,0,0,0
73.0,Female,25.1,82.9,113.3,204.4,Moderate,Good,Non-Smoker,0,0,0,0,1
37.0,Male,28.9,96.1,107.9,153.2,Active,Good,Non-Smoker,0,0,0,0,0
60.0,Female,27.0,126.7,146.0,173.2,Moderate,Average,Non-Smoker,0,0,1,1,0
72.0,Male,32.0,96.3,130.6,198.0,Moderate,Average,Non-Smoker,0,0,0,1,0
40.0,Female,28.0,103.4,116.8,186.6,Moderate,Average,Current Smoker,0,0,0,0,0
49.0,Female,25.9,86.4,108.5,174.3,Active,Average,Non-Smoker,0,0,0,0,0
53.0,Female,25.5,103.7,122.5,197.6,Active,Good,Non-Smoker,0,0,0,0,0
61.0,Female,21.4,77.6,100.7,196.0,Active,Good,Former Smoker,0,0,0,0,0
62.0,Male,22.4,120.0,135.0,258.5,Sedentary,Poor,Former Smoker,1,0,1,1,1
73.0,Female,27.0,109.8,104.7,162.3,Moderate,Good,Former Smoker,1,0,0,0,0
66.0,Male,24.4,103.0,97.2,247.0,Active,Good,Non-Smoker,0,0,0,0,1
54.0,Female,30.6,164.6,140.9,198.0,Moderate,Average,Current Smoker,0,0,1,1,0
68.0,Female,34.9,208.1,102.0,249.5,Moderate,Average,Former Smoker,1,1,1,0,1
52.0,Female,37.3,193.4,115.2,244.2,Active,Poor,Current Smoker,1,1,1,0,1
56.0,Male,35.2,174.4,125.3,284.3,Active,Average,Non-Smoker,0,0,1,1,1
47.0,Male,23.5,115.5,116.1,163.7,Active,Average,Current Smoker,1,0,0,0,0
41.0,Male,22.4,85.3,130.3,169.1,Active,Good,Non-Smoker,0,0,0,1,0
44.0,Male,26.0,103.2,138.1,189.3,Active,Poor,Former Smoker,1,0,0,1,0
30.0,Male,25.3,102.7,116.7,134.0,Active,Poor,Non-Smoker,0,0,0,0,0
53.0,Male,27.8,82.1,121.2,212.9,Moderate,Average,Non-Smoker,0,0,0,0,1
27.0,Male,26.1,111.3,115.4,190.8,Active,Poor,Former Smoker,0,0,0,0,0
54.0,Female,41.2,158.6,138.0,227.9,Moderate,Poor,Non-Smoker,1,1,1,1,1
67.0,Female,33.3,202.0,137.7,306.8,Sedentary,Poor,Non-Smoker,0,0,1,1,1
52.0,Male,32.4,207.8,120.8,275.2,Sedentary,Poor,Former Smoker,1,0,1,0,1
55.0,Female,34.4,157.9,140.2,198.4,Sedentary,Good,Non-Smoker,1,1,1,1,0
50.0,Male,36.0,118.0,146.4,193.1,Sedentary,Good,Former Smoker,1,0,1,1,0
32.0,Female,33.5,161.2,129.7,291.5,Moderate,Good,Current Smoker,1,0,1,0,1
37.0,Female,20.3,94.2,128.5,152.0,Active,Average,Former Smoker,0,0,0,0,0
73.0,Male,31.0,169.3,138.3,283.7,Active,Average,Non-Smoker,0,0,1,1,1
57.0,Male,21.8,81.9,97.2,132.6,Moderate,Good,Non-Smoker,0,0,0,0,0
83.0,Male,34.0,131.1,120.4,213.7,Moderate,Average,Non-Smoker,0,0,1,0,1
58.0,Male,33.5,140.6,131.9,235.9,Sedentary,Average,Non-Smoker,1,0,1,1,1
51.0,Female,29.3,197.8,154.3,242.3,Active,Average,Current Smoker,0,0,1,1,1
19.0,Female,21.3,93.1,130.6,178.2,Sedentary,Good,Non-Smoker,0,0,0,1,0
62.0,Female,25.9,93.5,103.6,160.1,Moderate,Good,Non-Smoker,0,0,0,0,0
45.0,Male,18.7,96.1,111.1,156.7,Moderate,Good,Non-Smoker,0,0,0,0,0
55.0,Male,23.1,88.6,125.3,187.5,Sedentary,Good,Former Smoker,0,0,0,0,0
76.0,Female,33.6,120.0,148.2,240.6,Sedentary,Average,Current Smoker,0,0,1,1,1
76.0,Male,28.0,166.2,151.6,295.7,Active,Good,Current Smoker,0,1,1,1,1
66.0,Male,37.9,159.9,149.2,186.4,Moderate,Average,Former Smoker,1,0,1,1,0
70.0,Male,32.6,182.8,135.5,212.0,Sedentary,Poor,Former Smoker,0,1,1,1,1
26.0,Female,37.8,120.0,132.6,235.1,Moderate,Average,Non-Smoker,1,0,1,1,1
65.0,Male,22.6,80.3,109.9,174.8,Active,Good,Non-Smoker,0,0,0,0,0
79.0,Female,28.0,120.0,160.8,273.4,Sedentary,Average,Former Smoker,0,0,1,1,1
54.0,Male,31.9,175.9,107.8,209.6,Active,Average,Former Smoker,1,1,1,0,1
18.0,Male,22.7,92.1,125.3,155.6,Moderate,Good,Former Smoker,0,0,0,0,0
64.0,Female,29.9,88.4,132.1,176.7,Active,Average,Current Smoker,0,0,0,1,0
41.0,Female,41.4,149.9,159.4,241.3,Moderate,Average,Non-Smoker,1,1,1,1,1
67.0,Male,34.7,164.9,144.7,248.3,Sedentary,Average,Non-Smoker,0,0,1,1,1
39.0,Male,25.5,88.8,136.6,208.0,Active,Average,Current Smoker,0,0,0,1,1
58.0,Male,31.7,178.6,137.7,178.3,Sedentary,Good,Former Smoker,1,1,1,1,0
54.0,Male,19.4,96.6,131.4,173.0,Moderate,Good,Current Smoker,1,0,0,1,0
64.0,Male,35.7,118.0,137.2,204.2,Moderate,Poor,Former Smoker,1,0,1,1,1
47.0,Female,28.6,81.5,127.9,202.2,Sedentary,Average,Former Smoker,0,0,0,0,1
74.0,Male,22.0,220.1,136.4,145.0,Sedentary,Average,Former Smoker,0,0,1,1,0
29.0,Female,25.5,90.2,125.4,220.7,Active,Good,Non-Smoker,0,0,0,0,1
40.0,Male,28.0,120.0,122.6,230.8,Moderate,Poor,Current Smoker,0,0,1,0,1
21.0,Male,27.0,118.0,127.2,178.6,Active,Good,Non-Smoker,0,0,0,0,0
63.0,Male,28.4,157.3,137.5,188.9,Sedentary,Poor,Non-Smoker,0,1,1,1,0
35.0,Male,19.6,118.0,113.5,210.8,Active,Good,Former Smoker,0,1,0,0,1
57.0,Male,35.9,166.6,132.6,239.6,Sedentary,Average,Former Smoker,0,0,1,1,1
58.0,Male,31.4,120.0,145.1,205.0,Moderate,Poor,Non-Smoker,1,0,1,1,1
43.0,Male,35.4,181.5,115.8,174.8,Moderate,Poor,Former Smoker,0,0,1,0,0
54.0,Female,44.7,129.8,141.0,165.1,Sedentary,Average,Non-Smoker,1,0,1,1,0
26.0,Male,23.5,92.0,122.0,217.1,Active,Average,Non-Smoker,0,0,0,0,1
55.0,Male,35.5,118.0,133.6,228.2,Moderate,Average,Current Smoker,0,0,1,1,1
70.0,Male,24.3,84.0,112.9,164.5,Sedentary,Average,Non-Smoker,0,0,0,0,0
60.0,Female,27.0,87.4,131.7,156.9,Moderate,Good,Non-Smoker,0,0,0,1,0
44.0,Male,31.0,137.5,124.5,242.4,Moderate,Good,Non-Smoker,1,0,1,0,1
52.0,Female,21.6,84.6,125.3,184.7,Active,Good,Non-Smoker,0,0,0,0,0
35.0,Female,34.2,90.9,94.8,160.3,Active,Average,Non-Smoker,0,0,0,0,0
73.0,Female,26.7,139.5,133.9,190.3,Sedentary,Average,Non-Smoker,1,0,1,1,0
23.0,Female,25.0,87.4,111.2,156.9,Active,Average,Former Smoker,0,0,0,0,0
65.0,Female,24.0,176.7,161.8,190.6,Sedentary,Poor,Non-Smoker,1,0,1,1,0
72.0,Male,37.6,146.0,161.8,237.3,Sedentary,Poor,Current Smoker,1,0,1,1,1
57.0,Male,26.0,91.3,104.0,192.9,Sedentary,Average,Non-Smoker,1,0,0,0,0
48.0,Female,26.5,104.8,113.3,184.3,Active,Poor,Non-Smoker,0,0,0,0,0
27.0,Female,17.5,96.4,121.4,193.0,Active,Poor,Non-Smoker,0,0,0,0,0
28.0,Male,27.9,85.3,111.6,187.2,Moderate,Good,Current Smoker,0,0,0,0,0
45.0,Male,20.3,99.3,116.6,174.4,Moderate,Average,Non-Smoker,0,0,0,0,0
42.0,Male,31.4,129.8,125.1,278.2,Sedentary,Poor,Current Smoker,0,0,1,0,1
50.0,Female,25.3,91.5,108.8,209.8,Active,Poor,Former Smoker,0,0,0,0,1
72.0,Female,27.3,133.8,129.4,238.6,Sedentary,Average,Former Smoker,1,1,1,0,1
43.0,Male,26.7,74.2,125.3,201.1,Moderate,Good,Current Smoker,0,0,0,0,1
60.0,Female,18.0,99.2,132.7,176.5,Moderate,Average,Non-Smoker,0,0,0,1,0
63.0,Male,31.7,171.2,155.4,251.9,Sedentary,Poor,Former Smoker,0,0,1,1,1
58.0,Female,27.7,212.9,148.3,176.6,Sedentary,Good,Current Smoker,1,0,1,1,0
40.0,Male,34.2,237.2,121.9,197.3,Active,Poor,Non-Smoker,1,0,1,0,0
62.0,Female,34.4,189.2,131.7,186.7,Sedentary,Poor,Former Smoker,0,0,1,1,0
40.0,Female,27.5,181.4,102.0,267.5,Sedentary,Average,Non-Smoker,0,0,1,0,1
63.0,Female,28.1,118.0,128.1,218.3,Moderate,Good,Former Smoker,0,0,1,0,1
53.0,Female,40.1,120.0,134.5,254.9,Sedentary,Poor,Former Smoker,1,1,1,1,1
51.0,Male,33.7,118.0,142.0,227.0,Active,Average,Former Smoker,0,0,1,1,1
55.0,Male,26.9,120.0,135.0,201.4,Moderate,Average,Former Smoker,1,0,1,1,1
41.0,Female,30.8,92.4,104.4,143.9,Active,Poor,Former Smoker,1,0,0,0,0
54.0,Male,36.6,120.0,124.7,262.5,Moderate,Poor,Former Smoker,0,0,1,0,1
47.0,Female,27.9,101.2,105.4,193.4,Active,Good,Non-Smoker,0,0,0,0,0
59.0,Male,24.8,159.1,129.5,330.0,Sedentary,Poor,Former Smoker,1,0,1,0,1
43.0,Female,19.2,116.2,106.8,206.4,Active,Good,Current Smoker,0,0,0,0,1
38.0,Male,17.6,88.6,112.6,193.0,Sedentary,Average,Current Smoker,0,0,0,0,0
65.0,Female,28.0,122.6,131.3,229.5,Moderate,Poor,Current Smoker,1,0,1,1,1
47.0,Male,21.5,73.4,128.1,132.3,Moderate,Good,Non-Smoker,0,0,0,0,0
29.0,Female,25.7,84.4,116.0,194.0,Active,Poor,Former Smoker,0,0,0,0,0
34.0,Male,21.6,118.0,116.7,178.8,Moderate,Poor,Non-Smoker,0,0,0,0,0
73.0,Female,30.7,170.6,122.7,294.3,Active,Good,Current Smoker,1,0,1,0,1
66.0,Male,27.9,118.0,135.0,229.2,Moderate,Poor,Non-Smoker,1,1,1,1,1
64.0,Female,38.9,121.7,135.3,289.1,Moderate,Average,Non-Smoker,0,0,1,1,1
47.0,Female,28.6,142.9,146.8,222.7,Moderate,Good,Current Smoker,0,0,1,1,1
29.0,Female,28.3,102.3,128.7,175.5,Sedentary,Average,Non-Smoker,0,0,0,0,0
66.0,Male,33.0,198.4,119.1,202.2,Active,Poor,Former Smoker,0,1,1,0,1
58.0,Female,22.8,156.3,135.2,206.8,Sedentary,Poor,Non-Smoker,0,0,1,1,1
43.0,Male,31.2,126.1,144.3,263.5,Moderate,Average,Non-Smoker,1,0,1,1,1
45.0,Male,28.7,96.6,114.5,215.8,Active,Average,Non-Smoker,0,0,0,0,1
44.0,Male,31.9,98.9,110.9,210.9,Active,Average,Non-Smoker,0,1,0,0,1
60.0,Female,27.3,129.2,138.5,226.1,Moderate,Poor,Non-Smoker,0,1,1,1,1
52.0,Female,29.2,175.6,124.8,220.6,Moderate,Average,Current Smoker,1,0,1,0,1
36.0,Male,17.5,83.1,112.2,180.1,Active,Average,Former Smoker,1,0,0,0,0
42.0,Male,32.7,120.0,126.5,269.6,Sedentary,Poor,Former Smoker,1,0,1,0,1
58.0,Male,29.5,120.0,149.8,196.0,Moderate,Average,Non-Smoker,0,0,1,1,0
48.0,Female,32.6,142.7,116.1,244.2,Sedentary,Poor,Former Smoker,1,0,1,0,1
65.0,Female,26.6,82.3,120.8,174.2,Sedentary,Good,Current Smoker,0,0,0,0,0
52.0,Male,23.2,92.3,108.8,210.3,Active,Average,Non-Smoker,1,0,0,0,1
53.0,Male,29.5,105.6,108.4,141.6,Moderate,Poor,Current Smoker,1,0,0,0,0
58.0,Male,23.2,153.6,125.3,252.6,Active,Average,Non-Smoker,1,0,1,0,1
51.0,Male,31.9,185.8,155.8,204.0,Moderate,Average,Non-Smoker,1,1,1,1,1
44.0,Male,25.4,82.0,112.5,175.0,Sedentary,Good,Former Smoker,0,0,0,0,0
49.0,Male,31.6,201.7,136.9,250.9,Sedentary,Average,Former Smoker,1,0,1,1,1
43.0,Female,34.3,169.9,138.3,231.9,Moderate,Poor,Former Smoker,1,0,1,1,1
32.0,Male,26.2,82.9,122.3,180.2,Active,Average,Non-Smoker,1,1,0,0,0
57.0,Male,26.1,203.8,127.8,226.6,Sedentary,Good,Current Smoker,0,0,1,0,1
52.0,Female,18.4,99.2,102.4,212.6,Active,Good,Current Smoker,0,0,0,0,1
40.0,Male,23.6,91.0,112.7,206.8,Active,Good,Current Smoker,0,0,0,0,1
45.0,Male,23.9,91.9,101.7,203.4,Moderate,Good,Non-Smoker,0,0,0,0,1
70.0,Male,20.0,91.9,104.8,197.9,Moderate,Average,Non-Smoker,0,1,0,0,0
29.0,Female,21.7,97.5,153.6,166.0,Active,Good,Non-Smoker,0,0,0,1,0
38.0,Male,20.8,92.4,119.9,181.5,Moderate,Good,Non-Smoker,0,0,0,0,0
65.0,Female,33.8,121.1,159.3,212.4,Sedentary,Poor,Current Smoker,0,0,1,1,1
47.0,Female,25.4,84.4,112.0,199.3,Sedentary,Poor,Non-Smoker,0,0,0,0,0
59.0,Male,26.6,120.0,115.9,244.7,Sedentary,Average,Non-Smoker,1,1,1,0,1
26.0,Male,28.8,84.4,98.5,196.1,Moderate,Average,Non-Smoker,0,0,0,0,0
42.0,Male,29.8,78.1,106.7,220.9,Sedentary,Average,Non-Smoker,0,0,0,0,1
52.0,Male,21.1,87.4,108.1,200.5,Active,Average,Non-Smoker,0,0,0,0,1
59.0,Female,32.2,107.9,114.6,194.7,Active,Average,Non-Smoker,0,0,0,0,0
46.0,Female,22.9,118.0,108.1,258.0,Moderate,Average,Non-Smoker,0,0,0,0,1
29.0,Female,20.9,87.6,128.7,163.8,Sedentary,Good,Non-Smoker,0,0,0,0,0
65.0,Female,28.3,125.8,138.8,206.0,Active,Average,Former Smoker,0,0,1,1,1
41.0,Male,17.5,109.4,127.3,201.6,Active,Average,Former Smoker,0,0,0,0,1
55.0,Male,26.6,121.6,129.8,290.3,Moderate,Poor,Non-Smoker,0,0,1,0,1
50.0,Male,19.1,118.0,128.3,212.0,Active,Poor,Current Smoker,1,0,0,0,1
63.0,Male,31.2,179.6,135.7,199.2,Sedentary,Average,Non-Smoker,1,0,1,1,0
41.0,Female,28.0,76.4,118.0,169.7,Sedentary,Average,Non-Smoker,1,0,0,0,0
82.0,Female,27.5,195.0,125.3,190.8,Moderate,Average,Non-Smoker,1,1,1,1,0
34.0,Male,29.6,87.2,103.3,159.3,Moderate,Good,Non-Smoker,0,0,0,0,0
62.0,Male,30.9,162.4,149.7,229.3,Moderate,Poor,Former Smoker,1,0,1,1,1
70.0,Male,24.0,88.1,112.6,175.7,Active,Poor,Non-Smoker,0,0,0,0,0
28.0,Female,19.6,75.8,119.2,181.7,Active,Average,Former Smoker,1,0,0,0,0
82.0,Female,29.8,180.1,136.0,280.3,Moderate,Poor,Former Smoker,1,0,1,1,1
49.0,Female,17.5,89.8,111.7,176.1,Active,Good,Non-Smoker,0,0,0,0,0
37.0,Female,26.2,86.7,107.5,217.3,Moderate,Good,Current Smoker,0,0,0,0,1
53.0,Male,33.3,118.0,154.1,309.8,Moderate,Average,Current Smoker,1,1,1,1,1
65.0,Male,24.0,107.7,115.6,145.3,Sedentary,Poor,Former Smoker,1,0,0,0,0
60.0,Male,28.0,160.0,134.5,169.9,Sedentary,Average,Former Smoker,1,0,1,1,0
47.0,Male,28.0,92.9,110.8,134.8,Active,Average,Non-Smoker,0,0,0,0,0
53.0,Male,24.3,94.3,125.9,212.8,Moderate,Good,Current Smoker,0,0,0,0,1
62.0,Male,25.3,120.0,129.6,206.1,Moderate,Poor,Current Smoker,1,0,1,0,1
52.0,Male,28.1,176.0,135.2,234.4,Sedentary,Average,Former Smoker,1,0,1,1,1
44.0,Female,35.4,165.0,141.8,292.3,Active,Average,Former Smoker,0,0,1,1,1
70.0,Male,29.4,144.1,135.1,260.1,Sedentary,Poor,Non-Smoker,0,0,1,1,1
31.0,Female,21.6,77.9,118.0,227.3,Moderate,Poor,Non-Smoker,0,0,0,0,1
56.0,Female,32.0,149.1,103.5,242.6,Moderate,Good,Non-Smoker,0,0,1,0,1
49.0,Male,34.5,209.8,137.9,238.4,Sedentary,Poor,Non-Smoker,0,0,1,1,1
69.0,Female,33.4,130.6,145.4,316.7,Sedentary,Average,Former Smoker,0,0,1,1,1
42.0,Female,25.7,93.2,133.8,169.5,Active,Poor,Non-Smoker,0,0,0,1,0
44.0,Male,28.0,176.7,141.3,247.8,Sedentary,Poor,Current Smoker,0,0,1,1,1
41.0,Male,24.0,118.0,91.3,169.4,Moderate,Average,Non-Smoker,1,0,0,0,0
54.0,Female,43.2,168.8,157.4,264.1,Moderate,Poor,Current Smoker,0,0,1,1,1
59.0,Male,31.1,136.1,138.6,243.2,Moderate,Poor,Non-Smoker,0,0,1,1,1
57.0,Female,18.6,82.3,129.8,191.9,Moderate,Good,Non-Smoker,0,0,0,0,0
34.0,Female,25.7,72.1,114.7,211.7,Active,Good,Former Smoker,0,1,0,0,1
63.0,Male,28.0,99.8,131.9,174.3,Active,Average,Current Smoker,1,1,0,1,0
47.0,Female,43.7,179.2,119.0,223.8,Active,Average,Current Smoker,0,0,1,0,1
60.0,Male,32.3,184.8,110.9,206.4,Sedentary,Poor,Current Smoker,0,0,1,0,1
18.0,Female,23.7,96.5,124.0,159.5,Active,Average,Non-Smoker,1,0,0,0,0
54.0,Male,20.1,85.6,126.2,186.0,Active,Average,Non-Smoker,0,0,0,0,0
48.0,Female,31.7,125.4,120.0,235.8,Sedentary,Poor,Former Smoker,1,0,1,0,1
80.0,Female,33.0,106.5,112.4,153.3,Active,Good,Non-Smoker,0,0,0,0,0
37.0,Male,24.3,170.6,132.6,243.0,Sedentary,Good,Current Smoker,1,0,1,1,1
61.0,Male,36.5,180.6,128.4,211.4,Active,Average,Former Smoker,1,0,1,0,1
47.0,Female,26.9,84.0,101.3,251.8,Active,Good,Non-Smoker,1,0,0,0,1
42.0,Male,39.1,138.5,139.5,264.1,Moderate,Average,Non-Smoker,0,1,1,1,1
30.0,Male,22.3,110.2,124.5,175.9,Active,Average,Non-Smoker,0,0,0,0,0
42.0,Male,18.9,98.3,118.5,200.7,Moderate,Good,Non-Smoker,0,0,0,0,1
67.0,Male,29.4,140.8,130.4,231.8,Sedentary,Average,Former Smoker,1,0,1,1,1
54.0,Male,28.6,182.9,117.0,261.1,Moderate,Poor,Non-Smoker,1,0,1,0,1
48.0,Male,33.9,170.1,149.3,236.1,Sedentary,Poor,Current Smoker,1,0,1,1,1
59.0,Male,32.0,172.4,126.3,256.8,Moderate,Average,Non-Smoker,0,0,1,0,1
42.0,Male,28.9,177.2,139.9,181.0,Sedentary,Good,Non-Smoker,0,0,1,1,0
57.0,Male,29.0,138.5,142.0,285.2,Sedentary,Average,Current Smoker,1,0,1,1,1
57.0,Female,23.7,88.4,122.3,177.2,Sedentary,Good,Non-Smoker,0,0,0,0,0
27.0,Female,25.7,93.0,125.9,181.5,Sedentary,Good,Non-Smoker,0,0,0,0,0
56.0,Female,28.5,151.0,116.4,175.0,Moderate,Average,Current Smoker,0,0,1,0,0
49.0,Male,21.0,68.0,120.3,182.6,Active,Poor,Former Smoker,0,0,0,0,0
44.0,Female,20.4,87.0,125.3,226.5,Moderate,Good,Non-Smoker,0,0,0,0,1
48.0,Female,28.0,86.2,108.3,152.6,Active,Poor,Non-Smoker,0,0,0,0,0
26.0,Female,23.6,82.5,134.0,174.0,Moderate,Poor,Non-Smoker,0,0,0,1,0
79.0,Female,28.6,154.1,128.4,160.4,Sedentary,Average,Non-Smoker,0,0,1,0,0
70.0,Male,25.9,133.2,117.3,253.6,Active,Good,Former Smoker,0,0,1,0,1
53.0,Male,41.5,147.5,152.1,263.2,Moderate,Average,Non-Smoker,1,0,1,1,1
32.0,Male,27.9,90.5,122.8,182.8,Active,Good,Current Smoker,0,0,0,0,0
30.0,Male,24.8,99.7,116.6,152.2,Active,Good,Current Smoker,0,0,0,0,0
58.0,Female,26.5,118.0,131.7,222.5,Sedentary,Average,Non-Smoker,0,0,1,1,1
50.0,Male,17.5,102.8,110.7,204.2,Active,Average,Non-Smoker,0,1,0,0,1
68.0,Female,33.2,189.2,143.4,252.0,Active,Average,Former Smoker,1,0,1,1,1
55.0,Female,27.0,125.8,137.7,197.4,Moderate,Average,Non-Smoker,1,0,1,1,0
45.0,Male,25.5,92.7,124.2,186.6,Active,Good,Non-Smoker,1,0,0,0,0
76.0,Female,24.4,74.6,125.5,171.4,Active,Good,Non-Smoker,0,1,0,0,0
69.0,Female,30.6,87.7,101.6,175.9,Sedentary,Good,Former Smoker,0,1,0,0,0
48.0,Male,31.6,120.0,128.5,200.4,Sedentary,Average,Former Smoker,1,0,1,0,1
48.0,Female,28.6,142.7,140.1,190.8,Moderate,Poor,Current Smoker,1,0,1,1,0
24.0,Male,24.0,83.8,104.6,230.1,Sedentary,Good,Former Smoker,0,0,0,0,1
46.0,Female,35.3,83.8,106.0,134.6,Active,Average,Former Smoker,0,0,0,0,0
31.0,Male,25.8,90.3,109.9,199.1,Moderate,Good,Non-Smoker,0,0,0,0,0
59.0,Male,28.0,89.4,113.2,182.6,Moderate,Poor,Former Smoker,1,0,0,0,0
24.0,Male,27.3,92.4,94.2,174.8,Moderate,Average,Non-Smoker,0,0,0,0,0
82.0,Male,39.2,154.4,133.2,185.2,Active,Average,Non-Smoker,1,0,1,1,0
43.0,Male,28.0,137.3,125.5,201.2,Sedentary,Poor,Current Smoker,1,0,1,0,1
47.0,Male,40.5,184.0,135.5,233.8,Active,Poor,Former Smoker,0,0,1,1,1
44.0,Female,31.4,183.3,147.3,241.1,Active,Average,Non-Smoker,1,0,1,1,1
42.0,Male,17.5,93.7,98.4,217.0,Moderate,Poor,Non-Smoker,0,0,0,0,1
57.0,Female,25.2,86.2,125.0,202.0,Moderate,Good,Current Smoker,0,0,0,0,1
40.0,Male,27.8,184.3,121.1,216.2,Moderate,Poor,Current Smoker,1,0,1,0,1
50.0,Male,33.3,174.0,174.3,251.3,Sedentary,Average,Non-Smoker,1,0,1,1,1
60.0,Female,33.7,174.2,121.7,155.2,Moderate,Poor,Former Smoker,0,0,1,0,0
51.0,Female,39.5,168.3,143.9,256.6,Sedentary,Poor,Non-Smoker,1,0,1,1,1
46.0,Male,29.3,140.6,131.7,244.2,Moderate,Average,Non-Smoker,0,1,1,1,1
30.0,Male,26.3,73.9,96.8,202.6,Active,Good,Non-Smoker,0,1,0,0,1
43.0,Female,19.6,77.6,111.9,213.5,Sedentary,Good,Non-Smoker,0,0,0,0,1
70.0,Male,33.4,220.3,139.7,262.7,Sedentary,Poor,Former Smoker,1,0,1,1,1
66.0,Male,31.9,120.0,147.2,194.8,Active,Poor,Former Smoker,0,0,1,1,0
36.0,Male,26.0,89.6,110.7,138.8,Moderate,Good,Current Smoker,0,0,0,0,0
67.0,Male,39.2,180.0,136.1,241.9,Sedentary,Poor,Former Smoker,1,0,1,1,1
71.0,Male,28.0,197.6,141.2,272.6,Sedentary,Average,Non-Smoker,0,0,1,1,1
58.0,Female,31.5,155.7,127.7,280.8,Active,Average,Non-Smoker,1,0,1,0,1
62.0,Female,24.1,71.9,107.7,208.6,Moderate,Average,Non-Smoker,0,0,0,0,1
36.0,Male,28.9,81.6,104.7,203.6,Sedentary,Good,Former Smoker,1,0,0,0,1
55.0,Male,35.5,148.2,141.1,214.5,Sedentary,Average,Former Smoker,1,0,1,1,1
44.0,Female,20.3,84.0,128.9,177.3,Moderate,Good,Former Smoker,0,0,0,0,0
52.0,Male,27.7,95.9,124.1,150.2,Sedentary,Poor,Non-Smoker,0,0,0,0,0
57.0,Male,33.4,123.9,124.0,247.8,Active,Average,Former Smoker,1,0,1,0,1
72.0,Male,21.0,82.4,117.3,190.1,Moderate,Poor,Non-Smoker,0,0,0,0,0
56.0,Male,30.9,141.0,142.9,228.6,Active,Average,Former Smoker,0,0,1,1,1
46.0,Male,26.4,195.5,125.9,236.2,Active,Average,Non-Smoker,0,0,1,0,1
44.0,Female,39.8,243.2,125.7,242.2,Sedentary,Poor,Non-Smoker,0,0,1,0,1
64.0,Female,30.0,169.3,153.9,225.6,Sedentary,Average,Current Smoker,0,0,1,1,1
51.0,Male,27.2,101.1,111.3,179.5,Active,Good,Non-Smoker,0,0,0,0,0
51.0,Male,28.0,84.5,119.5,155.8,Active,Average,Former Smoker,0,0,0,0,0
50.0,Male,32.0,156.9,157.2,201.3,Active,Poor,Former Smoker,1,0,1,1,1
75.0,Male,38.7,173.4,140.2,229.2,Moderate,Poor,Current Smoker,1,0,1,1,1
62.0,Female,34.9,145.4,142.8,292.8,Moderate,Poor,Non-Smoker,0,0,1,1,1
73.0,Male,28.0,115.9,143.8,234.0,Moderate,Good,Non-Smoker,0,0,0,1,1
61.0,Male,40.3,152.0,147.7,247.4,Moderate,Average,Non-Smoker,0,0,1,1,1
44.0,Female,25.4,92.8,112.1,174.1,Active,Good,Non-Smoker,0,0,0,0,0
18.0,Male,19.7,95.7,102.2,198.3,Active,Poor,Non-Smoker,0,1,0,0,0
39.0,Male,28.7,99.2,95.7,212.6,Active,Average,Non-Smoker,0,0,0,0,1
65.0,Female,35.3,143.6,119.4,208.7,Moderate,Average,Non-Smoker,1,0,1,0,1
36.0,Female,17.9,97.2,101.4,190.7,Moderate,Average,Non-Smoker,1,0,0,0,0
65.0,Female,28.0,118.0,125.3,183.5,Moderate,Good,Non-Smoker,0,0,0,0,0
47.0,Female,30.7,185.0,126.2,234.2,Sedentary,Good,Non-Smoker,1,0,1,0,1
72.0,Male,27.8,127.7,152.1,236.3,Sedentary,Poor,Current Smoker,0,0,1,1,1
51.0,Male,37.6,120.0,127.0,235.0,Sedentary,Poor,Non-Smoker,0,1,1,0,1
62.0,Male,34.4,154.3,124.4,292.9,Sedentary,Poor,Non-Smoker,0,0,1,0,1
47.0,Female,27.0,82.0,117.1,200.6,Active,Good,Former Smoker,0,0,0,0,1
36.0,Male,27.5,97.3,126.2,211.2,Active,Average,Non-Smoker,0,0,0,0,1
62.0,Male,24.6,93.3,117.2,209.9,Sedentary,Poor,Former Smoker,0,0,0,0,1
50.0,Male,25.3,108.7,113.1,205.4,Active,Average,Non-Smoker,1,0,0,0,1
45.0,Male,30.9,168.3,133.6,189.4,Moderate,Poor,Current Smoker,0,0,1,1,0
41.0,Female,38.6,200.0,151.8,179.4,Moderate,Poor,Former Smoker,1,0,1,1,0
33.0,Female,22.6,103.1,116.4,160.3,Active,Average,Former Smoker,0,0,0,0,0
40.0,Male,17.5,89.7,111.4,153.5,Active,Poor,Non-Smoker,0,0,0,0,0
74.0,Male,28.0,85.9,105.1,160.5,Moderate,Average,Non-Smoker,0,0,0,0,0
77.0,Male,32.6,181.1,115.2,242.6,Moderate,Average,Former Smoker,1,0,1,0,1
55.0,Female,31.2,120.8,142.4,213.5,Active,Average,Non-Smoker,0,0,1,1,1
36.0,Female,29.5,99.6,131.7,186.8,Moderate,Good,Non-Smoker,0,0,0,1,0
60.0,Female,20.4,118.0,98.6,169.8,Moderate,Poor,Former Smoker,0,0,0,0,0
74.0,Female,28.0,127.9,112.4,145.6,Sedentary,Poor,Non-Smoker,0,1,1,0,0
85.0,Female,17.5,82.5,128.4,183.8,Sedentary,Poor,Non-Smoker,0,0,0,0,0
35.0,Female,20.8,88.8,114.4,207.4,Moderate,Average,Non-Smoker,0,0,0,0,1
44.0,Female,20.8,71.4,115.2,159.0,Active,Average,Former Smoker,0,0,0,0,0
58.0,Male,38.0,166.9,122.2,218.0,Moderate,Average,Former Smoker,0,0,1,0,1
78.0,Female,26.9,142.2,125.3,241.6,Sedentary,Poor,Non-Smoker,1,0,1,1,1
43.0,Female,25.7,89.1,117.1,234.0,Sedentary,Good,Non-Smoker,1,0,0,0,1
62.0,Female,24.2,154.1,120.6,229.1,Moderate,Average,Non-Smoker,0,1,1,0,1
49.0,Female,32.6,68.0,123.3,211.5,Moderate,Good,Non-Smoker,0,0,0,0,1
69.0,Male,22.1,88.7,120.8,177.0,Active,Poor,Non-Smoker,0,0,0,0,0
46.0,Female,22.2,75.9,104.3,205.0,Moderate,Average,Non-Smoker,0,0,0,0,1
65.0,Female,28.8,125.5,124.6,260.2,Active,Good,Non-Smoker,0,0,1,0,1
35.0,Female,25.6,98.3,125.3,215.1,Moderate,Good,Former Smoker,0,0,0,0,1
77.0,Female,30.6,145.8,125.3,218.5,Active,Poor,Non-Smoker,0,1,1,0,1
56.0,Female,25.3,118.0,112.7,228.8,Moderate,Average,Non-Smoker,0,0,0,0,1
67.0,Female,30.5,100.7,115.9,152.5,Active,Good,Non-Smoker,0,0,0,0,0
40.0,Male,27.0,120.0,128.0,262.6,Active,Poor,Non-Smoker,1,0,1,0,1
32.0,Female,28.3,86.5,113.7,216.4,Moderate,Average,Non-Smoker,0,0,0,0,1
57.0,Female,32.6,108.3,119.9,248.4,Moderate,Good,Former Smoker,1,0,0,0,1
43.0,Female,28.0,111.7,102.6,209.5,Moderate,Average,Current Smoker,1,0,0,0,1
67.0,Male,28.4,94.4,111.4,191.6,Sedentary,Average,Non-Smoker,0,0,0,0,0
44.0,Female,31.0,91.3,90.0,220.6,Sedentary,Average,Non-Smoker,0,0,0,0,1
43.0,Male,38.4,178.1,121.8,235.4,Moderate,Good,Former Smoker,1,0,1,0,1
60.0,Female,31.1,125.7,134.8,195.6,Sedentary,Good,Former Smoker,1,0,1,1,0
48.0,Female,27.3,159.6,123.4,196.7,Moderate,Average,Current Smoker,1,0,1,0,0
61.0,Male,28.0,118.0,128.7,189.0,Moderate,Good,Non-Smoker,0,0,0,0,0
32.0,Female,22.9,82.3,123.9,168.9,Moderate,Average,Non-Smoker,0,0,0,0,0
19.0,Male,24.4,86.7,116.6,177.9,Active,Good,Former Smoker,0,0,0,0,0
35.0,Male,28.6,91.6,114.1,203.4,Moderate,Poor,Former Smoker,0,0,0,0,1
42.0,Female,33.8,172.2,118.2,263.0,Moderate,Average,Current Smoker,1,0,1,0,1
42.0,Male,21.7,75.7,119.8,156.8,Active,Average,Former Smoker,0,0,0,0,0
29.0,Male,29.2,118.0,113.7,201.3,Moderate,Good,Non-Smoker,0,0,0,0,1
63.0,Male,37.9,123.9,125.3,272.5,Sedentary,Poor,Current Smoker,1,1,1,1,1
40.0,Female,24.9,94.8,124.2,140.2,Active,Average,Non-Smoker,0,0,0,0,0
53.0,Female,26.4,83.2,111.4,222.8,Moderate,Good,Former Smoker,0,0,0,0,1
53.0,Female,32.8,205.0,129.3,300.8,Sedentary,Poor,Non-Smoker,1,0,1,0,1
48.0,Male,25.0,107.1,107.2,189.0,Moderate,Good,Non-Smoker,0,1,0,0,0
77.0,Male,35.5,141.7,137.7,161.0,Sedentary,Average,Current Smoker,1,1,1,1,0
68.0,Female,34.5,158.2,138.1,229.5,Sedentary,Good,Non-Smoker,1,0,1,1,1
74.0,Female,33.8,118.0,149.0,183.1,Moderate,Good,Non-Smoker,0,0,1,1,0
72.0,Male,32.2,155.6,142.7,275.2,Sedentary,Average,Non-Smoker,0,0,1,1,1
50.0,Female,24.9,158.9,116.6,185.8,Moderate,Average,Former Smoker,0,0,1,0,0
70.0,Male,33.1,197.2,130.8,240.1,Moderate,Poor,Non-Smoker,1,1,1,1,1
45.0,Male,33.3,179.9,151.5,267.6,Sedentary,Good,Non-Smoker,0,0,1,1,1
57.0,Male,27.1,120.0,142.3,193.3,Sedentary,Poor,Non-Smoker,0,1,1,1,0
64.0,Female,38.7,148.1,128.3,190.2,Sedentary,Poor,Non-Smoker,0,0,1,0,0
65.0,Female,24.9,92.9,122.2,208.0,Sedentary,Good,Non-Smoker,1,0,0,0,1
33.0,Female,23.2,105.1,108.2,171.1,Active,Good,Current Smoker,1,0,0,0,0
30.0,Female,27.0,118.0,90.0,191.6,Active,Good,Current Smoker,1,0,0,0,0
24.0,Female,21.5,82.8,116.8,152.3,Moderate,Good,Non-Smoker,0,0,0,0,0
63.0,Female,40.9,135.5,137.0,205.4,Moderate,Good,Former Smoker,0,1,1,1,1
57.0,Male,33.2,120.0,145.5,192.9,Sedentary,Good,Current Smoker,0,0,1,1,0
55.0,Female,26.0,74.5,116.6,185.2,Moderate,Average,Former Smoker,0,0,0,0,0
56.0,Male,28.1,120.0,158.4,227.4,Moderate,Average,Non-Smoker,0,0,1,1,1
18.0,Female,29.0,108.3,132.5,179.9,Moderate,Average,Non-Smoker,0,0,0,1,0
47.0,Female,25.2,72.7,101.8,195.4,Moderate,Average,Non-Smoker,1,0,0,0,0
54.0,Female,29.6,125.8,140.7,263.1,Sedentary,Average,Current Smoker,0,1,1,1,1
42.0,Male,24.2,118.0,107.8,219.2,Moderate,Good,Non-Smoker,0,0,0,0,1
56.0,Female,22.0,134.3,133.1,182.6,Sedentary,Average,Current Smoker,1,0,1,1,0
53.0,Male,23.2,88.4,120.2,138.8,Sedentary,Average,Current Smoker,0,0,0,0,0
54.0,Female,23.6,83.1,130.9,179.8,Sedentary,Poor,Former Smoker,0,0,0,1,0
73.0,Female,38.2,172.0,137.7,301.2,Sedentary,Average,Non-Smoker,0,0,1,1,1
53.0,Male,17.5,100.0,120.1,156.9,Sedentary,Poor,Non-Smoker,1,0,0,0,0
83.0,Male,31.9,128.6,133.6,270.5,Moderate,Good,Current Smoker,0,0,1,1,1
69.0,Female,29.1,128.9,144.1,267.6,Moderate,Good,Non-Smoker,1,0,1,1,1
38.0,Male,36.2,127.7,119.4,189.3,Active,Average,Former Smoker,0,0,1,0,0
42.0,Female,44.7,134.7,140.0,206.1,Sedentary,Average,Current Smoker,1,0,1,1,1
53.0,Female,30.9,76.8,120.4,138.3,Active,Poor,Non-Smoker,0,0,0,0,0
42.0,Female,26.4,85.4,107.5,190.9,Active,Average,Current Smoker,0,0,0,0,0
43.0,Female,28.0,92.2,130.5,199.0,Moderate,Good,Former Smoker,0,0,0,1,0
28.0,Female,20.1,91.6,115.8,213.9,Active,Good,Former Smoker,0,0,0,0,1
65.0,Male,33.7,163.3,130.3,224.7,Moderate,Good,Non-Smoker,0,0,1,1,1
39.0,Female,18.8,118.0,114.7,158.0,Active,Poor,Former Smoker,0,0,0,0,0
61.0,Female,27.1,198.7,145.8,193.1,Moderate,Good,Non-Smoker,0,0,1,1,0
71.0,Female,36.7,128.4,129.0,249.0,Moderate,Poor,Former Smoker,1,0,1,0,1
48.0,Male,37.5,139.1,135.6,180.0,Sedentary,Good,Non-Smoker,0,0,1,1,0
40.0,Male,27.7,90.6,127.9,226.0,Moderate,Good,Non-Smoker,0,0,0,0,1
38.0,Male,44.8,139.7,143.7,160.2,Active,Average,Non-Smoker,1,0,1,1,0
50.0,Female,26.0,140.8,171.6,204.0,Moderate,Average,Current Smoker,1,0,1,1,1
65.0,Female,28.3,118.0,131.3,221.8,Sedentary,Poor,Current Smoker,1,0,1,1,1
73.0,Female,45.2,150.5,117.9,169.7,Sedentary,Good,Current Smoker,1,0,1,0,0
54.0,Male,31.6,197.4,114.0,279.6,Active,Poor,Non-Smoker,1,0,1,0,1
68.0,Female,27.8,120.0,147.0,234.9,Active,Poor,Non-Smoker,0,1,1,1,1
55.0,Male,38.2,120.9,111.9,212.3,Moderate,Poor,Former Smoker,0,0,1,0,1
61.0,Female,33.7,154.4,135.7,246.3,Moderate,Poor,Non-Smoker,0,0,1,1,1
59.0,Female,23.6,228.6,143.1,215.5,Active,Poor,Non-Smoker,1,0,1,1,1
59.0,Female,29.3,92.4,119.0,213.4,Moderate,Good,Non-Smoker,1,0,0,0,1
48.0,Female,22.4,89.6,116.4,207.3,Moderate,Average,Former Smoker,0,0,0,0,1
69.0,Male,25.4,71.6,117.1,149.0,Moderate,Average,Current Smoker,0,0,0,0,0
70.0,Male,42.5,153.6,115.1,236.9,Moderate,Poor,Former Smoker,0,0,1,0,1
53.0,Female,29.5,87.6,117.1,222.9,Sedentary,Good,Non-Smoker,0,0,0,0,1
45.0,Female,30.2,73.7,140.8,204.9,Moderate,Good,Non-Smoker,0,1,0,1,1
43.0,Female,26.4,91.2,108.6,187.0,Moderate,Average,Former Smoker,0,0,0,0,0
43.0,Male,28.6,89.0,125.0,196.8,Moderate,Average,Non-Smoker,0,0,0,0,0
54.0,Female,35.9,153.4,115.1,277.1,Moderate,Average,Non-Smoker,1,0,1,0,1
50.0,Female,22.8,75.4,122.6,179.7,Active,Good,Former Smoker,0,0,0,0,0
46.0,Female,24.0,87.2,129.9,174.1,Moderate,Good,Non-Smoker,0,0,0,0,0
50.0,Female,22.1,79.2,116.1,179.5,Active,Average,Current Smoker,0,0,0,0,0
33.0,Female,26.6,89.7,129.6,185.2,Moderate,Poor,Current Smoker,0,0,0,0,0
67.0,Female,36.0,173.4,137.9,265.5,Sedentary,Poor,Non-Smoker,0,0,1,1,1
40.0,Female,23.7,105.9,111.3,176.8,Active,Average,Current Smoker,0,0,0,0,0
48.0,Male,28.0,94.3,132.8,193.7,Active,Good,Non-Smoker,0,0,0,1,0
50.0,Female,39.1,143.2,155.0,230.7,Sedentary,Good,Non-Smoker,0,0,1,1,1
48.0,Female,33.0,124.2,138.6,254.0,Active,Poor,Current Smoker,0,1,1,1,1
49.0,Male,34.4,187.6,119.6,206.1,Sedentary,Poor,Current Smoker,0,0,1,0,1
62.0,Male,34.1,157.7,150.2,240.4,Sedentary,Good,Non-Smoker,1,0,1,1,1
36.0,Female,23.8,105.6,125.3,200.5,Active,Average,Non-Smoker,0,0,0,0,1
48.0,Female,26.8,101.7,121.0,131.3,Active,Good,Non-Smoker,1,0,0,0,0
51.0,Male,44.8,204.6,138.8,244.1,Sedentary,Average,Current Smoker,1,0,1,1,1
46.0,Female,24.9,87.6,101.0,226.2,Moderate,Poor,Non-Smoker,1,0,0,0,1
54.0,Female,29.8,197.5,138.8,241.6,Active,Poor,Non-Smoker,0,0,1,1,1
76.0,Female,27.7,152.1,137.5,159.7,Active,Good,Current Smoker,0,1,1,1,0
68.0,Female,38.7,152.5,144.8,248.4,Active,Average,Current Smoker,1,0,1,1,1
61.0,Male,32.2,192.1,151.4,245.6,Moderate,Average,Non-Smoker,1,0,1,1,1
49.0,Male,27.8,85.5,123.1,182.1,Moderate,Good,Former Smoker,0,0,0,0,0
45.0,Female,20.5,101.9,114.7,157.7,Moderate,Average,Former Smoker,0,0,0,0,0
58.0,Male,24.6,96.9,131.9,191.4,Sedentary,Good,Non-Smoker,0,1,0,1,0
32.0,Female,23.1,76.0,126.7,135.5,Moderate,Average,Non-Smoker,1,1,0,0,0
41.0,Female,35.6,120.0,139.6,242.2,Moderate,Poor,Non-Smoker,0,0,1,1,1
54.0,Female,25.2,99.9,96.1,165.5,Sedentary,Average,Former Smoker,0,0,0,0,0
67.0,Female,37.2,203.8,111.4,262.8,Active,Poor,Current Smoker,1,0,1,0,1
37.0,Female,26.7,143.1,147.9,235.8,Moderate,Poor,Current Smoker,1,1,1,1,1
55.0,Female,39.6,152.5,133.0,209.3,Moderate,Average,Non-Smoker,0,0,1,1,1
72.0,Male,40.9,192.6,137.7,203.8,Sedentary,Average,Non-Smoker,1,0,1,1,1
49.0,Female,28.0,99.4,124.6,184.6,Active,Average,Former Smoker,0,0,0,0,0
36.0,Male,22.3,80.5,121.5,239.4,Active,Good,Non-Smoker,0,0,0,0,1
20.0,Female,24.8,87.4,117.8,178.2,Active,Average,Non-Smoker,0,0,0,0,0
39.0,Female,28.0,111.6,125.9,215.1,Moderate,Average,Non-Smoker,1,0,0,0,1
64.0,Male,33.9,148.4,125.3,212.4,Active,Poor,Former Smoker,1,0,1,1,1
28.0,Male,24.1,84.8,112.5,189.9,Active,Average,Current Smoker,0,0,0,0,0
22.0,Male,25.8,94.2,125.3,199.8,Moderate,Average,Former Smoker,0,0,0,0,0
55.0,Male,33.4,161.2,125.3,254.8,Sedentary,Poor,Former Smoker,0,0,1,1,1
49.0,Female,33.6,120.8,113.0,164.8,Active,Poor,Former Smoker,0,0,1,0,0
65.0,Female,20.8,93.0,108.3,213.2,Moderate,Average,Current Smoker,0,0,0,0,1
59.0,Male,32.6,118.0,154.6,268.1,Moderate,Good,Former Smoker,1,0,1,1,1
69.0,Female,24.8,166.1,124.2,272.0,Sedentary,Poor,Current Smoker,1,0,1,0,1
54.0,Male,32.7,143.3,165.5,243.1,Moderate,Average,Former Smoker,0,1,1,1,1
32.0,Male,33.0,112.7,126.8,224.9,Active,Average,Non-Smoker,0,0,0,0,1
42.0,Male,27.0,102.2,113.7,179.7,Active,Average,Non-Smoker,0,0,0,0,0
45.0,Male,26.3,81.5,106.0,208.3,Moderate,Average,Non-Smoker,1,0,0,0,1
69.0,Female,34.5,167.7,138.5,251.2,Sedentary,Average,Former Smoker,1,0,1,1,1
53.0,Male,28.1,100.0,124.3,160.3,Active,Average,Non-Smoker,0,0,0,0,0
58.0,Female,36.2,175.5,145.6,226.1,Sedentary,Average,Current Smoker,0,0,1,1,1
19.0,Female,30.6,95.0,119.5,157.3,Sedentary,Average,Former Smoker,0,0,0,0,0
69.0,Female,40.0,195.8,109.0,209.3,Moderate,Average,Former Smoker,1,0,1,0,1
36.0,Female,17.8,99.3,118.4,160.0,Active,Good,Non-Smoker,0,0,0,0,0
72.0,Female,32.2,132.5,149.1,161.2,Sedentary,Good,Non-Smoker,0,0,1,1,0
45.0,Female,30.3,82.6,145.0,181.8,Moderate,Average,Non-Smoker,1,0,0,1,0
43.0,Female,21.4,94.8,108.1,193.1,Active,Poor,Former Smoker,0,0,0,0,0
70.0,Female,17.5,85.7,109.8,202.1,Active,Good,Non-Smoker,0,0,0,0,1
57.0,Female,35.6,157.8,130.2,242.0,Moderate,Poor,Non-Smoker,1,0,1,1,1
32.0,Male,32.3,185.6,136.7,223.9,Moderate,Average,Current Smoker,0,0,1,1,1
58.0,Male,34.1,120.0,126.8,253.5,Sedentary,Average,Non-Smoker,0,1,1,0,1
60.0,Female,28.6,120.0,142.2,245.5,Sedentary,Average,Former Smoker,0,0,1,1,1
55.0,Female,35.1,120.0,138.6,225.5,Sedentary,Average,Non-Smoker,1,0,1,1,1
60.0,Female,41.6,118.0,154.6,243.0,Moderate,Poor,Former Smoker,1,1,1,1,1
55.0,Male,32.6,187.9,140.5,177.2,Sedentary,Average,Current Smoker,0,0,1,1,0
52.0,Female,24.7,82.3,114.1,195.9,Active,Good,Non-Smoker,0,0,0,0,0
73.0,Male,32.5,222.1,140.0,213.7,Sedentary,Average,Former Smoker,1,1,1,1,1
42.0,Female,37.3,152.1,131.9,187.8,Active,Poor,Current Smoker,0,1,1,1,0
69.0,Male,28.1,118.0,135.8,249.2,Active,Average,Former Smoker,1,1,1,1,1
41.0,Male,22.5,118.0,128.6,232.2,Moderate,Poor,Non-Smoker,0,1,1,0,1
42.0,Female,27.6,84.8,113.1,145.8,Active,Poor,Non-Smoker,0,0,0,0,0
62.0,Male,31.8,222.7,125.3,255.4,Moderate,Poor,Former Smoker,0,0,1,1,1
49.0,Male,32.6,123.8,147.3,236.9,Sedentary,Good,Non-Smoker,0,0,1,1,1
50.0,Male,27.4,83.4,122.2,199.0,Moderate,Average,Non-Smoker,0,0,0,0,0
60.0,Female,26.7,81.3,116.4,191.0,Active,Average,Current Smoker,0,0,0,0,0
56.0,Male,39.8,134.9,125.3,257.1,Active,Poor,Current Smoker,1,0,1,1,1
69.0,Male,26.0,132.1,164.8,216.7,Moderate,Average,Former Smoker,1,1,1,1,1
48.0,Male,32.0,79.4,118.9,174.2,Active,Good,Non-Smoker,0,0,0,0,0
43.0,Male,22.0,90.3,101.5,180.2,Active,Good,Current Smoker,1,0,0,0,0
46.0,Female,25.2,109.3,119.8,193.4,Moderate,Good,Former Smoker,0,0,0,0,0
53.0,Male,28.1,188.0,146.1,187.9,Moderate,Average,Non-Smoker,0,0,1,1,0
52.0,Female,28.4,95.5,108.1,170.7,Active,Poor,Non-Smoker,0,0,0,0,0
74.0,Female,45.4,161.7,140.2,174.7,Sedentary,Poor,Former Smoker,1,1,1,1,0
67.0,Female,28.0,160.4,145.1,290.3,Sedentary,Poor,Current Smoker,0,0,1,1,1
33.0,Female,22.4,77.1,134.8,220.2,Active,Average,Former Smoker,0,0,0,1,1
61.0,Male,28.0,132.1,105.1,264.6,Sedentary,Average,Current Smoker,0,0,1,0,1
18.0,Female,22.9,85.3,101.6,179.6,Active,Good,Non-Smoker,0,1,0,0,0
41.0,Female,18.2,96.2,124.2,201.1,Active,Average,Non-Smoker,0,0,0,0,1
55.0,Male,26.6,178.3,125.2,271.8,Moderate,Average,Current Smoker,1,0,1,0,1
23.0,Female,17.5,103.2,131.6,183.0,Sedentary,Poor,Current Smoker,0,0,0,1,0
74.0,Male,31.2,157.2,137.6,266.2,Sedentary,Average,Non-Smoker,1,0,1,1,1
61.0,Female,26.4,160.8,119.4,198.4,Active,Average,Non-Smoker,0,0,1,0,0
59.0,Male,19.4,95.9,131.2,193.9,Active,Average,Non-Smoker,0,0,0,1,0
34.0,Female,31.0,151.7,146.9,278.8,Sedentary,Average,Former Smoker,1,0,1,1,1
66.0,Female,27.0,170.2,138.4,210.4,Active,Poor,Non-Smoker,1,0,1,1,1
76.0,Female,29.2,133.3,132.8,264.9,Sedentary,Average,Current Smoker,1,1,1,1,1
29.0,Female,28.7,81.7,112.3,215.5,Active,Average,Former Smoker,1,0,0,0,1
52.0,Male,31.0,159.0,162.2,231.8,Active,Average,Non-Smoker,0,0,1,1,1
55.0,Male,38.8,146.8,139.0,237.9,Sedentary,Average,Current Smoker,0,0,1,1,1
61.0,Male,38.8,120.5,153.8,208.1,Active,Poor,Former Smoker,1,0,1,1,1
48.0,Male,25.1,156.8,153.4,242.1,Moderate,Average,Current Smoker,1,0,1,1,1
67.0,Male,38.5,214.9,147.5,235.6,Active,Average,Non-Smoker,1,0,1,1,1
49.0,Male,28.9,99.8,110.6,193.4,Moderate,Average,Non-Smoker,0,0,0,0,0
56.0,Female,26.8,91.2,111.7,229.3,Moderate,Average,Non-Smoker,0,0,0,0,1
40.0,Male,24.3,130.7,149.5,159.5,Sedentary,Good,Current Smoker,0,0,1,1,0
47.0,Female,29.0,77.9,107.4,210.5,Sedentary,Average,Non-Smoker,0,0,0,0,1
43.0,Male,33.1,92.2,105.3,173.2,Active,Average,Non-Smoker,0,0,0,0,0
73.0,Male,27.3,105.0,138.5,179.8,Moderate,Poor,Non-Smoker,0,0,0,1,0
61.0,Male,35.1,156.4,127.3,314.8,Moderate,Average,Non-Smoker,1,1,1,0,1
43.0,Female,19.0,82.4,122.5,200.8,Active,Average,Non-Smoker,0,0,0,0,1
64.0,Male,26.6,219.7,129.0,210.2,Active,Average,Non-Smoker,0,1,1,0,1
53.0,Male,38.7,178.6,145.8,250.3,Moderate,Poor,Former Smoker,0,1,1,1,1
61.0,Male,31.5,145.9,136.6,251.7,Moderate,Average,Current Smoker,0,0,1,1,1
38.0,Female,18.4,108.8,125.0,199.1,Active,Good,Non-Smoker,0,0,0,0,0
62.0,Female,28.0,186.7,111.6,183.6,Active,Average,Non-Smoker,1,0,1,0,0
38.0,Male,24.7,77.1,134.0,179.0,Active,Poor,Non-Smoker,0,0,0,1,0
51.0,Male,20.8,118.0,137.2,198.7,Moderate,Good,Former Smoker,1,0,0,1,0
29.0,Female,23.7,94.0,129.2,195.9,Sedentary,Good,Former Smoker,0,0,0,0,0
63.0,Male,25.7,83.6,114.4,187.1,Active,Good,Non-Smoker,0,0,0,0,0
35.0,Female,22.3,99.3,105.8,177.9,Active,Average,Non-Smoker,0,0,0,0,0
73.0,Male,41.0,172.8,135.8,223.7,Moderate,Poor,Former Smoker,1,1,1,1,1
41.0,Male,34.7,124.8,135.0,238.0,Sedentary,Poor,Former Smoker,1,0,1,1,1
73.0,Male,34.9,168.0,151.3,246.4,Moderate,Average,Current Smoker,1,0,1,1,1
41.0,Female,22.0,85.6,115.9,164.7,Active,Good,Non-Smoker,0,0,0,0,0
44.0,Female,25.7,118.0,143.0,267.6,Moderate,Good,Former Smoker,1,0,1,1,1
47.0,Female,26.0,86.9,133.4,173.1,Moderate,Average,Former Smoker,1,0,0,1,0
45.0,Male,33.0,120.0,119.6,200.7,Sedentary,Average,Former Smoker,0,1,1,0,1
66.0,Male,41.9,163.1,125.3,237.7,Sedentary,Poor,Non-Smoker,1,0,1,1,1
49.0,Female,26.8,87.0,124.7,226.0,Moderate,Poor,Former Smoker,0,0,0,0,1
51.0,Female,22.6,92.1,112.8,173.1,Active,Good,Current Smoker,0,0,0,0,0
44.0,Male,31.0,156.3,149.3,250.0,Sedentary,Average,Current Smoker,1,0,1,1,1
45.0,Male,39.1,185.4,135.5,260.5,Active,Poor,Current Smoker,1,1,1,1,1
53.0,Female,28.0,85.8,115.7,189.8,Active,Good,Non-Smoker,1,0,0,0,0
63.0,Male,33.0,120.0,122.4,223.9,Moderate,Poor,Former Smoker,0,0,1,0,1
54.0,Male,29.7,152.6,160.2,195.9,Moderate,Poor,Former Smoker,1,1,1,1,0
34.0,Female,29.3,76.4,125.3,158.3,Moderate,Good,Current Smoker,0,1,0,0,0
43.0,Female,25.5,92.5,111.8,177.9,Active,Poor,Non-Smoker,0,0,0,0,0
35.0,Female,26.9,92.5,124.6,219.9,Moderate,Average,Non-Smoker,0,0,0,0,1
40.0,Female,27.3,172.4,153.0,242.6,Moderate,Poor,Current Smoker,0,1,1,1,1
58.0,Female,27.3,120.0,155.7,255.1,Active,Average,Non-Smoker,0,0,1,1,1
66.0,Male,36.6,120.0,115.6,262.1,Sedentary,Good,Non-Smoker,0,0,1,0,1
67.0,Female,36.9,120.0,125.3,194.5,Sedentary,Poor,Current Smoker,1,0,1,0,0
33.0,Male,25.7,100.6,111.2,139.7,Moderate,Good,Former Smoker,0,0,0,0,0
49.0,Male,34.6,120.2,157.5,245.6,Sedentary,Poor,Non-Smoker,0,0,1,1,1
56.0,Male,25.7,71.4,108.8,198.5,Active,Good,Non-Smoker,1,0,0,0,0
63.0,Female,20.6,80.5,125.4,159.3,Active,Good,Non-Smoker,0,0,0,0,0
53.0,Female,27.1,79.8,93.0,173.6,Moderate,Average,Non-Smoker,0,0,0,0,0
36.0,Female,33.4,132.4,118.3,234.4,Moderate,Poor,Former Smoker,0,0,1,0,1
46.0,Male,40.1,149.1,138.5,219.5,Moderate,Poor,Former Smoker,1,0,1,1,1
52.0,Male,35.7,146.4,160.2,261.9,Sedentary,Poor,Former Smoker,0,0,1,1,1
51.0,Male,40.9,207.9,134.0,263.9,Sedentary,Poor,Current Smoker,1,0,1,1,1
28.0,Female,24.9,120.0,121.5,196.3,Sedentary,Good,Former Smoker,0,0,1,0,0
41.0,Female,17.5,118.0,106.0,231.4,Active,Good,Non-Smoker,1,0,0,0,1
56.0,Female,34.1,145.2,125.3,184.5,Moderate,Average,Non-Smoker,1,0,1,1,0
28.0,Female,27.3,79.2,110.8,162.9,Active,Poor,Non-Smoker,0,0,0,0,0
50.0,Male,27.3,77.6,118.4,180.9,Moderate,Average,Non-Smoker,0,0,0,0,0
46.0,Male,27.0,174.6,127.3,249.5,Sedentary,Average,Non-Smoker,1,0,1,0,1
53.0,Female,27.2,88.9,129.0,222.7,Moderate,Average,Non-Smoker,0,0,0,0,1
56.0,Female,26.4,107.8,106.8,125.0,Active,Good,Former Smoker,0,0,0,0,0
65.0,Male,32.8,134.8,155.3,221.3,Sedentary,Average,Current Smoker,1,1,1,1,1
49.0,Female,23.7,103.8,122.9,179.5,Moderate,Poor,Non-Smoker,0,0,0,0,0
40.0,Female,25.6,80.9,125.0,190.6,Sedentary,Good,Current Smoker,0,1,0,0,0
57.0,Male,31.3,148.3,139.0,189.0,Sedentary,Good,Non-Smoker,0,1,1,1,0
61.0,Female,31.6,153.2,117.8,165.2,Sedentary,Average,Non-Smoker,0,1,1,0,0
64.0,Female,17.5,88.4,109.9,151.9,Moderate,Average,Non-Smoker,0,0,0,0,0
56.0,Male,28.0,189.5,169.6,234.2,Moderate,Average,Non-Smoker,0,0,1,1,1
51.0,Female,27.4,190.0,128.6,222.5,Sedentary,Average,Current Smoker,0,0,1,0,1
54.0,Female,42.6,150.5,139.3,152.2,Sedentary,Average,Non-Smoker,0,0,1,1,0
54.0,Male,35.5,144.4,139.0,246.2,Active,Average,Current Smoker,0,0,1,1,1
42.0,Female,28.0,91.6,127.3,192.7,Moderate,Average,Former Smoker,0,0,0,0,0
64.0,Male,23.2,88.9,125.9,154.2,Active,Good,Current Smoker,0,0,0,0,0
50.0,Male,29.6,169.0,124.0,223.4,Moderate,Average,Current Smoker,0,0,1,0,1
31.0,Male,20.6,118.0,124.0,169.4,Moderate,Poor,Non-Smoker,0,1,0,0,0
32.0,Male,17.5,104.4,108.4,146.0,Moderate,Poor,Current Smoker,0,0,0,0,0
28.0,Female,27.1,100.7,128.3,178.2,Active,Average,Non-Smoker,0,0,0,0,0
58.0,Female,30.3,102.2,116.9,157.7,Sedentary,Poor,Non-Smoker,1,0,0,0,0
53.0,Female,35.7,199.9,116.1,272.4,Moderate,Good,Non-Smoker,0,0,1,0,1
67.0,Male,29.9,81.6,118.1,206.0,Moderate,Poor,Non-Smoker,0,0,0,0,1
61.0,Female,25.6,191.8,126.0,233.9,Sedentary,Poor,Non-Smoker,0,0,1,0,1
69.0,Female,34.0,120.0,134.5,240.0,Active,Average,Non-Smoker,1,0,1,1,1
51.0,Male,36.9,145.6,142.0,231.8,Active,Good,Non-Smoker,1,0,1,1,1
47.0,Female,30.2,68.0,96.4,168.2,Active,Average,Current Smoker,1,0,0,0,0
58.0,Female,33.0,164.3,113.4,238.3,Moderate,Poor,Former Smoker,0,1,1,0,1
39.0,Male,26.7,90.3,117.8,212.6,Active,Good,Non-Smoker,1,0,0,0,1
52.0,Male,38.3,161.6,127.0,261.2,Moderate,Poor,Former Smoker,1,0,1,0,1
53.0,Male,22.6,68.0,119.6,164.0,Active,Good,Non-Smoker,0,0,0,0,0
67.0,Female,37.3,134.9,148.9,237.4,Moderate,Average,Non-Smoker,0,0,1,1,1
84.0,Male,37.5,120.0,137.4,243.4,Moderate,Poor,Non-Smoker,1,0,1,1,1
37.0,Female,21.1,92.4,113.5,189.0,Active,Average,Non-Smoker,0,0,0,0,0
48.0,Female,27.2,147.0,134.7,191.7,Sedentary,Average,Non-Smoker,0,1,1,1,0
51.0,Female,22.6,86.9,128.4,223.3,Moderate,Good,Former Smoker,0,0,0,0,1
53.0,Male,22.1,159.8,140.4,221.0,Sedentary,Poor,Former Smoker,0,1,1,1,1
49.0,Male,24.7,169.5,151.8,196.9,Moderate,Average,Current Smoker,0,0,1,1,0
70.0,Male,38.1,170.1,144.3,226.7,Sedentary,Average,Non-Smoker,1,0,1,1,1
44.0,Male,28.0,97.3,117.3,166.5,Moderate,Good,Former Smoker,1,0,0,0,0
35.0,Male,34.3,133.6,167.1,216.1,Moderate,Average,Former Smoker,1,0,1,1,1
56.0,Male,24.8,120.0,133.9,174.8,Sedentary,Poor,Non-Smoker,0,0,1,1,0
59.0,Male,28.0,91.0,103.3,152.3,Active,Good,Non-Smoker,0,0,0,0,0
53.0,Female,26.8,151.4,146.9,211.0,Sedentary,Poor,Non-Smoker,1,0,1,1,1
37.0,Male,26.7,73.3,130.6,190.2,Moderate,Poor,Current Smoker,0,0,0,1,0
65.0,Male,24.6,90.7,128.1,204.6,Moderate,Average,Former Smoker,0,0,0,0,1
71.0,Female,32.9,120.0,145.6,298.9,Moderate,Average,Current Smoker,0,0,1,1,1
44.0,Male,19.5,91.0,123.8,200.9,Active,Average,Former Smoker,0,0,0,0,1
26.0,Male,37.1,120.0,159.8,236.2,Sedentary,Poor,Former Smoker,0,1,1,1,1
56.0,Male,24.9,120.0,157.5,242.7,Moderate,Average,Current Smoker,1,0,1,1,1
78.0,Male,25.3,86.6,119.9,191.5,Moderate,Average,Non-Smoker,0,0,0,0,0
67.0,Female,28.4,79.9,109.4,181.9,Moderate,Average,Former Smoker,0,0,0,0,0
58.0,Female,22.7,71.3,124.8,167.3,Sedentary,Good,Current Smoker,0,0,0,0,0
41.0,Male,28.0,96.5,115.8,219.9,Active,Poor,Non-Smoker,0,0,0,0,1
42.0,Female,22.4,118.0,121.0,147.7,Moderate,Poor,Non-Smoker,0,0,0,0,0
57.0,Female,40.4,183.3,133.3,176.6,Active,Average,Current Smoker,0,0,1,1,0
35.0,Male,25.4,94.9,102.6,238.1,Active,Good,Non-Smoker,0,0,0,0,1
47.0,Male,25.9,118.0,101.6,173.0,Moderate,Good,Former Smoker,1,0,0,0,0
37.0,Female,17.7,82.0,114.6,213.7,Active,Good,Current Smoker,0,0,0,0,1
77.0,Male,31.6,188.4,139.7,213.3,Sedentary,Good,Non-Smoker,0,1,1,1,1
37.0,Female,28.0,99.1,124.8,218.4,Active,Average,Former Smoker,0,0,0,0,1
78.0,Female,32.8,181.9,141.6,256.9,Sedentary,Average,Non-Smoker,1,0,1,1,1
18.0,Female,28.7,109.9,141.4,182.3,Sedentary,Poor,Non-Smoker,0,0,0,1,0
68.0,Female,31.7,118.0,109.1,134.5,Moderate,Average,Non-Smoker,1,0,0,0,0
45.0,Female,29.7,89.6,125.8,168.2,Sedentary,Poor,Non-Smoker,0,0,0,0,0
61.0,Male,24.6,78.0,99.4,207.8,Moderate,Average,Non-Smoker,0,0,0,0,1
54.0,Male,34.7,151.2,129.9,202.5,Sedentary,Good,Non-Smoker,1,0,1,0,1
32.0,Female,23.9,96.4,96.8,170.5,Sedentary,Average,Former Smoker,0,0,0,0,0
51.0,Male,25.6,93.0,119.3,210.4,Active,Poor,Non-Smoker,0,0,0,0,1
55.0,Female,26.2,168.1,119.3,228.8,Moderate,Good,Former Smoker,0,1,1,0,1
47.0,Female,32.7,79.4,106.5,180.5,Sedentary,Good,Non-Smoker,1,0,0,0,0
36.0,Female,28.0,91.7,116.0,191.0,Moderate,Average,Non-Smoker,1,0,0,0,0
37.0,Male,30.4,118.0,115.5,209.3,Moderate,Average,Non-Smoker,1,0,0,0,1
48.0,Female,23.4,99.8,101.5,125.0,Moderate,Good,Former Smoker,0,0,0,0,0
40.0,Male,25.9,87.4,111.2,216.1,Active,Good,Non-Smoker,0,0,0,0,1
68.0,Female,23.6,118.0,114.8,185.2,Active,Good,Non-Smoker,0,0,0,0,0
56.0,Female,22.9,81.3,139.5,162.6,Moderate,Good,Former Smoker,0,0,0,1,0
49.0,Male,33.4,127.8,158.7,206.9,Sedentary,Poor,Non-Smoker,1,1,1,1,1
30.0,Female,28.9,79.7,111.5,167.6,Active,Average,Current Smoker,0,0,0,0,0
65.0,Female,25.4,89.2,107.5,200.7,Active,Good,Former Smoker,1,0,0,0,1
35.0,Male,22.7,93.2,136.5,172.7,Active,Good,Former Smoker,1,0,0,1,0
48.0,Female,33.8,118.0,108.4,217.6,Sedentary,Poor,Current Smoker,1,1,1,0,1
80.0,Female,26.8,159.9,104.2,160.2,Sedentary,Good,Current Smoker,0,0,1,0,0
24.0,Female,20.6,83.0,146.6,190.7,Moderate,Good,Current Smoker,0,0,0,1,0
63.0,Male,27.0,209.5,111.1,234.7,Moderate,Poor,Former Smoker,1,0,1,0,1
58.0,Male,29.0,169.4,125.3,253.3,Sedentary,Average,Former Smoker,0,0,1,0,1
41.0,Male,27.3,184.2,140.0,169.1,Sedentary,Poor,Former Smoker,0,0,1,1,0
42.0,Male,29.6,86.3,138.3,170.0,Moderate,Good,Former Smoker,1,0,0,1,0
67.0,Female,26.1,81.7,104.2,225.5,Moderate,Average,Former Smoker,0,0,0,0,1
49.0,Male,22.6,118.0,133.0,170.0,Moderate,Good,Current Smoker,1,0,0,1,0
46.0,Male,36.4,184.0,140.0,184.3,Moderate,Poor,Current Smoker,1,0,1,1,0
50.0,Male,25.9,110.9,102.8,189.8,Active,Good,Non-Smoker,0,0,0,0,0
56.0,Male,21.7,92.5,123.4,190.2,Active,Good,Non-Smoker,0,0,0,0,0
39.0,Male,25.2,92.7,120.6,190.6,Moderate,Average,Non-Smoker,0,0,0,0,0
75.0,Male,22.8,99.2,105.9,187.7,Active,Poor,Former Smoker,0,0,0,0,0
39.0,Female,23.4,96.2,130.3,160.2,Moderate,Good,Non-Smoker,0,0,0,1,0
60.0,Female,34.4,167.0,125.4,159.4,Sedentary,Good,Non-Smoker,1,0,1,0,0
58.0,Male,39.6,120.0,146.6,254.2,Sedentary,Average,Non-Smoker,0,0,1,1,1
46.0,Female,29.0,105.2,112.2,168.4,Moderate,Average,Non-Smoker,0,0,0,0,0
48.0,Male,27.4,118.0,140.4,233.8,Sedentary,Average,Former Smoker,1,0,1,1,1
66.0,Female,28.0,185.9,145.8,251.8,Moderate,Poor,Former Smoker,1,0,1,1,1
73.0,Male,29.2,196.9,109.5,199.4,Moderate,Poor,Current Smoker,0,0,1,0,0
52.0,Female,24.8,99.2,118.2,137.7,Active,Average,Current Smoker,0,1,0,0,0
60.0,Male,17.5,99.7,117.1,198.5,Active,Poor,Non-Smoker,0,0,0,0,0
68.0,Female,23.2,105.4,114.0,207.5,Moderate,Average,Former Smoker,0,0,0,0,1
45.0,Female,24.5,118.0,114.0,145.3,Sedentary,Average,Current Smoker,1,0,1,0,0
53.0,Female,20.5,86.7,127.9,209.5,Active,Average,Non-Smoker,0,0,0,0,1
56.0,Female,36.8,153.6,119.9,198.4,Moderate,Average,Non-Smoker,1,0,1,0,0
29.0,Male,20.3,94.8,106.7,152.8,Active,Good,Former Smoker,0,0,0,0,0
52.0,Male,38.9,143.5,128.3,282.3,Moderate,Poor,Former Smoker,0,0,1,0,1
43.0,Female,28.9,118.0,126.6,153.3,Active,Poor,Former Smoker,0,0,0,0,0
18.0,Male,25.1,84.7,114.8,168.9,Moderate,Average,Former Smoker,0,0,0,0,0
52.0,Male,51.4,118.0,117.1,214.8,Sedentary,Poor,Non-Smoker,0,0,1,0,1
60.0,Male,44.8,146.6,129.4,288.7,Sedentary,Average,Non-Smoker,1,1,1,0,1
47.0,Female,20.3,93.9,116.1,155.3,Active,Average,Non-Smoker,1,0,0,0,0
53.0,Female,31.2,129.3,141.5,206.9,Sedentary,Good,Non-Smoker,1,0,1,1,1
34.0,Female,33.6,94.7,110.8,141.2,Moderate,Poor,Current Smoker,0,1,0,0,0
57.0,Female,31.9,130.0,131.3,161.3,Sedentary,Average,Current Smoker,1,0,1,1,0
44.0,Male,23.1,85.7,115.9,199.6,Active,Average,Former Smoker,0,0,0,0,0
60.0,Female,30.7,118.0,140.0,246.8,Sedentary,Average,Non-Smoker,0,1,1,1,1
44.0,Male,38.2,197.1,126.8,256.7,Sedentary,Good,Former Smoker,1,0,1,0,1
59.0,Male,32.5,166.5,147.5,237.6,Moderate,Average,Non-Smoker,1,0,1,1,1
66.0,Male,38.7,195.2,121.9,189.6,Sedentary,Average,Non-Smoker,0,1,1,0,0
42.0,Male,32.1,161.7,136.8,266.7,Active,Good,Non-Smoker,1,0,1,1,1
44.0,Female,29.7,91.1,123.3,192.2,Active,Average,Non-Smoker,0,0,0,0,0
68.0,Male,22.0,120.0,151.4,248.7,Moderate,Poor,Former Smoker,0,1,1,1,1
18.0,Male,19.7,87.2,106.0,174.4,Moderate,Average,Non-Smoker,0,0,0,0,0
58.0,Female,28.4,133.3,134.0,244.0,Moderate,Good,Current Smoker,0,0,1,1,1
39.0,Female,31.9,142.4,141.5,312.8,Moderate,Good,Non-Smoker,0,0,1,1,1
84.0,Male,37.8,168.2,142.1,233.6,Sedentary,Poor,Non-Smoker,0,0,1,1,1
49.0,Male,29.2,76.9,124.2,177.4,Active,Average,Non-Smoker,0,0,0,0,0
85.0,Female,40.8,180.1,142.0,266.2,Active,Average,Former Smoker,1,0,1,1,1
43.0,Female,22.0,187.9,141.2,286.3,Moderate,Poor,Former Smoker,1,0,1,1,1
76.0,Male,30.9,120.0,122.2,187.1,Moderate,Poor,Current Smoker,1,1,1,0,0
39.0,Male,27.8,158.2,141.1,202.7,Sedentary,Average,Non-Smoker,0,1,1,1,1
49.0,Female,22.4,87.8,108.4,157.5,Active,Average,Non-Smoker,1,1,0,0,0
29.0,Male,23.3,94.4,119.0,186.9,Active,Average,Non-Smoker,0,1,0,0,0
46.0,Female,24.4,95.6,116.4,207.6,Active,Good,Non-Smoker,0,0,0,0,1
59.0,Male,23.9,89.3,125.3,138.5,Active,Average,Non-Smoker,0,0,0,0,0
53.0,Female,18.9,104.6,101.7,171.6,Moderate,Poor,Current Smoker,0,0,0,0,0
52.0,Male,31.2,210.4,139.2,168.2,Sedentary,Poor,Former Smoker,0,0,1,1,0
42.0,Male,23.0,118.0,102.5,227.4,Moderate,Good,Non-Smoker,1,0,0,0,1
31.0,Female,26.3,89.1,129.2,164.8,Active,Good,Former Smoker,0,0,0,0,0
68.0,Female,29.9,182.2,126.2,286.3,Moderate,Poor,Former Smoker,1,0,1,0,1
32.0,Male,25.5,95.5,118.5,214.8,Moderate,Average,Current Smoker,1,0,0,0,1
58.0,Female,27.6,151.1,121.7,194.6,Sedentary,Poor,Current Smoker,0,0,1,0,0
52.0,Male,17.5,104.1,96.2,198.3,Active,Good,Non-Smoker,0,0,0,0,0
42.0,Female,26.8,91.2,107.0,182.4,Active,Average,Non-Smoker,0,0,0,0,0
60.0,Female,29.1,188.0,114.7,204.6,Moderate,Good,Current Smoker,1,0,1,0,1
64.0,Male,39.1,118.0,147.3,232.4,Moderate,Poor,Current Smoker,1,1,1,1,1
66.0,Male,30.0,218.7,153.5,239.1,Sedentary,Average,Non-Smoker,1,0,1,1,1
63.0,Male,24.7,68.0,135.2,151.0,Moderate,Average,Non-Smoker,0,0,0,1,0
76.0,Female,27.7,133.3,141.8,203.2,Sedentary,Average,Non-Smoker,0,0,1,1,1
55.0,Male,20.9,104.7,125.5,211.9,Active,Good,Non-Smoker,0,0,0,0,1
59.0,Male,30.3,124.1,146.7,215.9,Moderate,Poor,Non-Smoker,0,0,1,1,1
56.0,Female,27.5,202.9,125.3,245.9,Moderate,Good,Former Smoker,0,0,1,0,1
68.0,Male,28.3,136.0,111.1,234.5,Sedentary,Average,Current Smoker,1,0,1,0,1
72.0,Female,34.8,165.9,151.3,226.6,Active,Average,Current Smoker,1,0,1,1,1
34.0,Female,28.0,101.7,109.1,192.6,Active,Good,Former Smoker,0,0,0,0,0
52.0,Female,27.0,69.4,115.3,172.8,Moderate,Average,Former Smoker,0,0,0,0,0
39.0,Female,22.3,94.5,114.7,225.2,Active,Average,Former Smoker,0,0,0,0,1
68.0,Male,33.6,181.9,138.2,264.2,Sedentary,Poor,Non-Smoker,0,0,1,1,1
59.0,Female,23.0,97.4,126.4,136.3,Moderate,Average,Non-Smoker,0,0,0,0,0
69.0,Female,27.4,198.6,112.7,297.1,Active,Poor,Former Smoker,1,0,1,0,1
64.0,Male,37.3,123.9,146.6,160.5,Sedentary,Poor,Current Smoker,1,0,1,1,0
54.0,Female,28.5,98.7,125.3,188.8,Moderate,Average,Former Smoker,0,0,0,0,0
66.0,Female,21.5,91.0,134.6,165.0,Active,Good,Non-Smoker,0,1,0,1,0
66.0,Male,30.6,133.1,140.6,249.7,Moderate,Average,Former Smoker,1,0,1,1,1
74.0,Male,24.6,84.7,92.5,203.7,Active,Average,Non-Smoker,0,0,0,0,1
55.0,Female,20.2,111.6,115.3,205.6,Active,Good,Non-Smoker,1,0,0,0,1
32.0,Male,36.7,200.4,140.1,203.8,Sedentary,Average,Non-Smoker,1,0,1,1,1
62.0,Male,32.2,208.8,151.1,196.1,Moderate,Average,Former Smoker,1,0,1,1,0
36.0,Female,28.2,80.5,107.6,190.4,Active,Good,Non-Smoker,0,0,0,0,0
51.0,Female,18.7,102.4,107.7,182.3,Active,Good,Non-Smoker,0,0,0,0,0
50.0,Female,34.7,171.1,145.1,248.2,Active,Poor,Former Smoker,1,0,1,1,1
25.0,Female,24.5,75.4,98.0,184.3,Active,Good,Current Smoker,0,0,0,0,0
41.0,Female,29.3,88.8,134.0,198.5,Active,Good,Former Smoker,0,0,0,1,0
38.0,Male,23.0,102.7,100.1,159.1,Active,Good,Current Smoker,0,1,0,0,0
65.0,Female,26.4,120.0,124.0,235.2,Sedentary,Average,Non-Smoker,0,1,1,0,1
48.0,Female,28.1,77.7,125.3,215.7,Active,Poor,Non-Smoker,0,1,0,0,1
40.0,Male,23.1,84.8,108.8,148.4,Moderate,Good,Non-Smoker,0,0,0,0,0
35.0,Male,31.9,152.4,149.2,232.8,Sedentary,Poor,Former Smoker,1,0,1,1,1
44.0,Male,27.5,106.3,106.4,166.0,Active,Poor,Non-Smoker,0,0,0,0,0
31.0,Female,28.8,85.4,126.9,195.0,Active,Poor,Non-Smoker,0,0,0,0,0
52.0,Female,21.4,95.3,113.2,202.3,Moderate,Average,Current Smoker,0,0,0,0,1
43.0,Female,29.9,149.7,155.1,182.1,Moderate,Poor,Non-Smoker,1,0,1,1,0
56.0,Male,19.5,80.6,109.6,197.0,Active,Average,Former Smoker,0,0,0,0,0
61.0,Female,22.7,113.4,130.8,165.8,Active,Average,Non-Smoker,0,0,0,1,0
54.0,Male,24.3,92.3,106.1,195.0,Moderate,Good,Non-Smoker,1,0,0,0,0
66.0,Female,33.1,132.0,139.7,210.0,Sedentary,Good,Current Smoker,1,0,1,1,1
29.0,Female,30.2,99.2,109.8,198.4,Sedentary,Average,Non-Smoker,0,0,0,0,0
46.0,Female,34.2,174.7,144.4,244.5,Sedentary,Poor,Former Smoker,1,0,1,1,1
70.0,Female,20.9,85.4,109.6,181.8,Moderate,Average,Current Smoker,0,0,0,0,0
60.0,Male,23.8,88.9,95.7,201.4,Active,Average,Non-Smoker,0,0,0,0,1
64.0,Female,34.0,193.4,129.5,270.2,Sedentary,Average,Non-Smoker,0,0,1,0,1
49.0,Male,27.3,151.8,121.5,321.5,Sedentary,Poor,Current Smoker,1,0,1,0,1
22.0,Female,23.0,95.3,117.3,219.8,Active,Average,Current Smoker,1,0,0,0,1
78.0,Male,37.5,130.2,158.9,262.4,Sedentary,Poor,Former Smoker,1,0,1,1,1
50.0,Male,36.7,156.8,146.0,242.9,Sedentary,Average,Former Smoker,1,0,1,1,1
40.0,Female,23.8,118.0,141.9,146.4,Active,Good,Non-Smoker,1,0,0,1,0
73.0,Female,34.0,154.4,130.0,248.1,Sedentary,Poor,Non-Smoker,1,0,1,1,1
27.0,Male,22.9,84.1,119.0,227.8,Active,Good,Non-Smoker,1,0,0,0,1
32.0,Male,33.9,170.8,137.4,255.5,Moderate,Poor,Non-Smoker,1,0,1,1,1
73.0,Male,39.8,176.2,142.2,194.2,Sedentary,Average,Former Smoker,0,0,1,1,0
49.0,Female,26.4,89.2,118.4,186.5,Active,Good,Non-Smoker,1,0,0,0,0
39.0,Female,32.5,197.4,153.6,232.8,Moderate,Average,Non-Smoker,0,1,1,1,1
42.0,Male,28.8,118.0,110.6,284.4,Moderate,Average,Former Smoker,1,0,1,0,1
28.0,Female,35.4,160.2,150.2,257.4,Sedentary,Poor,Non-Smoker,1,0,1,1,1
61.0,Female,31.2,216.0,122.4,206.6,Sedentary,Poor,Non-Smoker,1,0,1,0,1
30.0,Female,28.6,72.0,97.2,141.7,Sedentary,Good,Non-Smoker,0,0,0,0,0
56.0,Male,29.1,151.4,132.1,265.4,Moderate,Average,Current Smoker,0,0,1,1,1
62.0,Female,40.1,198.9,137.2,208.9,Moderate,Poor,Current Smoker,0,0,1,1,1
28.0,Female,37.7,118.0,124.4,198.5,Moderate,Poor,Non-Smoker,0,1,1,0,0
24.0,Female,28.2,105.3,106.8,191.1,Active,Good,Non-Smoker,0,0,0,0,0
67.0,Female,35.3,118.0,145.2,240.4,Active,Average,Non-Smoker,1,0,1,1,1
27.0,Female,18.9,98.3,107.4,196.7,Moderate,Average,Non-Smoker,0,0,0,0,0
23.0,Female,23.6,76.9,108.2,137.5,Active,Good,Non-Smoker,0,0,0,0,0
64.0,Female,31.9,122.6,116.8,239.0,Sedentary,Poor,Non-Smoker,1,0,1,0,1
44.0,Male,25.5,82.4,125.3,178.6,Moderate,Average,Current Smoker,0,0,0,0,0
73.0,Male,33.1,120.0,116.9,253.4,Sedentary,Poor,Non-Smoker,0,0,1,0,1
36.0,Female,28.0,98.1,96.2,180.4,Active,Good,Non-Smoker,0,0,0,0,0
57.0,Female,33.4,132.0,136.7,245.3,Moderate,Poor,Former Smoker,1,0,1,1,1
26.0,Male,19.7,71.3,91.6,144.3,Moderate,Good,Non-Smoker,0,0,0,0,0
58.0,Female,27.1,139.0,118.9,246.9,Sedentary,Poor,Former Smoker,0,0,1,0,1
31.0,Male,28.4,72.1,125.3,193.1,Active,Average,Non-Smoker,0,0,0,0,0
34.0,Male,25.1,107.7,125.3,180.5,Active,Poor,Non-Smoker,0,0,0,0,0
50.0,Male,32.5,170.5,129.9,256.5,Moderate,Poor,Former Smoker,1,1,1,0,1
35.0,Female,35.3,120.0,148.1,182.0,Moderate,Poor,Former Smoker,0,0,1,1,0
59.0,Female,19.9,79.5,116.8,176.2,Moderate,Average,Former Smoker,0,0,0,0,0
41.0,Female,27.7,88.0,140.2,170.4,Active,Good,Non-Smoker,0,0,0,1,0
49.0,Male,25.9,103.7,102.9,192.7,Active,Good,Current Smoker,0,0,0,0,0
39.0,Female,28.9,176.4,141.6,231.0,Moderate,Average,Former Smoker,1,0,1,1,1
66.0,Female,34.7,118.0,144.9,274.6,Sedentary,Average,Current Smoker,0,0,1,1,1
38.0,Male,29.6,178.6,140.9,273.1,Moderate,Poor,Current Smoker,0,0,1,1,1
62.0,Female,24.5,111.5,105.3,178.0,Moderate,Average,Former Smoker,0,0,0,0,0
52.0,Male,20.0,85.8,128.8,170.7,Moderate,Good,Non-Smoker,0,0,0,0,0
52.0,Male,22.0,101.6,104.0,225.8,Active,Average,Non-Smoker,1,0,0,0,1
52.0,Female,25.0,89.0,136.6,193.2,Moderate,Average,Non-Smoker,0,1,0,1,0
65.0,Male,36.1,219.5,143.8,253.6,Moderate,Average,Non-Smoker,0,1,1,1,1
46.0,Female,28.1,161.0,143.2,259.8,Sedentary,Average,Former Smoker,0,1,1,1,1
46.0,Female,34.2,143.4,130.8,238.9,Sedentary,Poor,Non-Smoker,0,0,1,1,1
24.0,Male,21.6,74.9,120.7,213.8,Sedentary,Good,Former Smoker,0,0,0,0,1
29.0,Male,22.8,103.4,117.7,217.1,Active,Good,Non-Smoker,0,0,0,0,1
51.0,Male,35.7,194.1,130.7,167.3,Moderate,Average,Former Smoker,0,0,1,1,0
47.0,Male,21.7,94.8,116.1,217.5,Moderate,Average,Non-Smoker,1,0,0,0,1
42.0,Female,18.0,102.3,122.9,175.7,Moderate,Good,Former Smoker,0,0,0,0,0
46.0,Male,31.8,172.1,142.1,226.0,Sedentary,Good,Current Smoker,1,0,1,1,1
42.0,Male,32.7,183.3,125.3,220.5,Moderate,Average,Former Smoker,0,0,1,0,1
53.0,Female,19.0,79.0,109.8,188.5,Moderate,Good,Non-Smoker,0,0,0,0,0
68.0,Female,32.1,166.7,131.2,227.2,Active,Good,Non-Smoker,1,0,1,1,1
57.0,Female,27.1,86.8,125.9,251.1,Sedentary,Good,Current Smoker,0,0,0,0,1
42.0,Female,31.9,212.4,128.3,262.4,Sedentary,Average,Current Smoker,0,0,1,0,1
57.0,Male,36.2,120.3,154.8,224.2,Sedentary,Poor,Current Smoker,0,0,1,1,1
78.0,Male,32.1,156.3,115.0,246.6,Sedentary,Poor,Former Smoker,0,0,1,0,1
46.0,Female,24.4,74.9,135.9,167.2,Moderate,Good,Non-Smoker,0,1,0,1,0
18.0,Female,22.9,94.2,107.1,162.4,Active,Average,Non-Smoker,0,0,0,0,0
34.0,Male,24.0,113.3,94.2,196.2,Active,Average,Former Smoker,0,0,0,0,0
62.0,Male,26.1,82.9,103.5,210.4,Active,Good,Non-Smoker,0,0,0,0,1
80.0,Male,30.6,169.1,133.9,243.8,Sedentary,Average,Current Smoker,0,0,1,1,1
36.0,Female,29.3,82.9,112.1,159.9,Sedentary,Average,Non-Smoker,0,0,0,0,0
46.0,Female,31.8,182.6,130.9,238.6,Moderate,Average,Current Smoker,1,1,1,1,1
51.0,Female,25.5,93.9,128.9,169.1,Active,Average,Current Smoker,0,0,0,0,0
84.0,Female,28.4,153.5,144.7,202.2,Sedentary,Average,Non-Smoker,0,0,1,1,1
40.0,Male,19.7,87.5,111.2,189.7,Moderate,Average,Current Smoker,0,0,0,0,0
74.0,Female,31.7,98.4,128.4,170.4,Active,Average,Former Smoker,0,0,0,0,0
53.0,Female,26.6,155.1,141.0,268.6,Sedentary,Good,Former Smoker,0,0,1,1,1
58.0,Male,37.3,141.0,134.8,251.4,Sedentary,Poor,Current Smoker,1,1,1,1,1
46.0,Female,25.3,82.7,110.6,184.0,Moderate,Good,Current Smoker,0,0,0,0,0
75.0,Male,22.0,167.4,148.9,189.8,Sedentary,Good,Current Smoker,0,1,1,1,0
71.0,Female,33.0,142.4,152.6,246.6,Sedentary,Average,Current Smoker,1,0,1,1,1
18.0,Male,27.4,92.4,116.6,172.6,Moderate,Average,Non-Smoker,0,0,0,0,0
68.0,Female,24.0,150.7,144.9,206.6,Moderate,Average,Current Smoker,0,0,1,1,1
38.0,Female,34.0,151.2,115.2,229.0,Moderate,Average,Current Smoker,1,0,1,0,1
57.0,Female,20.9,83.1,123.1,174.1,Active,Good,Non-Smoker,0,1,0,0,0
65.0,Male,34.5,193.4,157.1,230.8,Sedentary,Poor,Former Smoker,0,0,1,1,1
61.0,Male,40.6,138.3,158.8,196.9,Moderate,Poor,Former Smoker,0,0,1,1,0
76.0,Male,28.0,160.2,149.6,252.5,Sedentary,Good,Former Smoker,0,0,1,1,1
62.0,Male,38.4,136.8,145.8,279.9,Sedentary,Poor,Former Smoker,1,0,1,1,1
46.0,Male,26.2,118.0,113.5,211.4,Sedentary,Good,Non-Smoker,0,0,0,0,1
60.0,Female,37.1,94.8,110.3,176.6,Sedentary,Good,Non-Smoker,0,0,0,0,0
54.0,Male,35.7,161.2,131.4,221.9,Sedentary,Average,Current Smoker,1,0,1,1,1
54.0,Female,21.7,96.9,101.0,219.1,Active,Average,Non-Smoker,0,0,0,0,1
74.0,Female,28.0,81.1,109.9,184.7,Moderate,Poor,Non-Smoker,0,0,0,0,0
45.0,Male,28.6,90.8,130.3,125.0,Moderate,Average,Non-Smoker,0,0,0,1,0
78.0,Female,31.7,138.9,133.7,285.7,Sedentary,Good,Former Smoker,1,1,1,1,1
37.0,Male,19.8,98.1,120.4,170.4,Moderate,Poor,Non-Smoker,1,0,0,0,0
43.0,Male,22.2,157.9,135.8,208.1,Moderate,Average,Current Smoker,0,0,1,1,1
54.0,Female,23.7,111.7,102.7,174.3,Active,Good,Non-Smoker,0,0,0,0,0
27.0,Female,22.6,106.4,133.7,148.0,Active,Good,Non-Smoker,0,0,0,1,0
54.0,Female,27.1,96.3,134.1,204.7,Active,Good,Current Smoker,0,0,0,1,1
36.0,Male,39.5,161.0,136.6,205.4,Sedentary,Average,Current Smoker,0,0,1,1,1
50.0,Female,27.3,96.0,109.9,215.4,Moderate,Poor,Non-Smoker,0,0,0,0,1
48.0,Male,40.1,210.2,164.6,243.2,Sedentary,Average,Current Smoker,1,0,1,1,1
21.0,Male,26.8,99.4,106.9,176.8,Active,Good,Non-Smoker,1,0,0,0,0
31.0,Male,30.5,118.0,112.1,204.5,Sedentary,Average,Non-Smoker,0,0,0,0,1
67.0,Female,43.1,190.2,125.3,242.7,Sedentary,Average,Current Smoker,1,0,1,0,1
82.0,Male,30.2,174.2,140.8,212.3,Sedentary,Poor,Current Smoker,1,0,1,1,1
44.0,Female,30.1,134.8,150.5,224.4,Sedentary,Poor,Non-Smoker,1,0,1,1,1
30.0,Male,18.4,95.4,122.2,176.1,Active,Good,Non-Smoker,0,0,0,0,0
57.0,Male,35.4,170.4,153.3,230.2,Moderate,Average,Former Smoker,0,0,1,1,1
58.0,Male,31.0,128.5,144.7,252.9,Moderate,Poor,Former Smoker,0,1,1,1,1
56.0,Male,35.6,226.0,154.9,192.3,Sedentary,Average,Non-Smoker,0,0,1,1,0
40.0,Female,25.4,96.2,124.6,168.5,Active,Average,Former Smoker,0,0,0,0,0
48.0,Male,26.9,91.7,114.8,174.4,Active,Average,Non-Smoker,0,0,0,0,0
71.0,Male,32.4,153.0,142.3,209.1,Sedentary,Good,Former Smoker,0,0,1,1,1
69.0,Male,41.7,118.0,139.5,211.0,Sedentary,Average,Former Smoker,1,0,1,1,1
40.0,Female,38.0,118.0,140.9,246.7,Sedentary,Poor,Current Smoker,0,1,1,1,1
45.0,Male,22.7,196.1,139.1,214.8,Moderate,Average,Former Smoker,1,0,1,1,1
67.0,Male,39.3,189.1,114.0,192.0,Sedentary,Poor,Current Smoker,1,0,1,0,0
85.0,Female,29.8,226.3,121.3,314.0,Active,Poor,Former Smoker,1,0,1,0,1
63.0,Male,28.7,140.8,106.3,234.9,Active,Average,Current Smoker,0,0,1,0,1
39.0,Male,29.5,84.3,116.1,238.9,Active,Average,Non-Smoker,1,0,0,0,1
61.0,Female,37.8,200.9,145.3,159.9,Sedentary,Poor,Non-Smoker,1,0,1,1,0
57.0,Male,28.5,144.7,155.0,223.5,Moderate,Average,Current Smoker,1,0,1,1,1
71.0,Male,20.7,88.4,121.2,242.5,Moderate,Good,Non-Smoker,1,0,0,0,1
74.0,Male,30.4,146.6,122.0,220.5,Active,Poor,Current Smoker,1,0,1,0,1
37.0,Female,17.5,118.0,135.6,156.0,Active,Good,Current Smoker,0,0,0,1,0
70.0,Female,34.9,118.0,124.1,205.3,Active,Poor,Former Smoker,0,0,1,0,1
62.0,Female,32.2,146.7,137.9,259.2,Moderate,Average,Non-Smoker,1,0,1,1,1
67.0,Male,34.7,175.9,136.2,279.6,Moderate,Poor,Former Smoker,0,0,1,1,1
52.0,Female,26.5,86.9,100.5,199.9,Active,Poor,Non-Smoker,0,0,0,0,0
51.0,Female,34.8,120.0,149.2,274.8,Sedentary,Poor,Non-Smoker,1,0,1,1,1
63.0,Female,37.8,202.1,142.1,251.3,Sedentary,Average,Non-Smoker,1,1,1,1,1
21.0,Male,26.8,92.7,118.7,223.3,Moderate,Average,Current Smoker,1,0,0,0,1
78.0,Female,39.2,142.5,122.1,188.0,Moderate,Poor,Former Smoker,0,0,1,0,0
37.0,Male,28.0,84.9,125.0,190.3,Sedentary,Good,Non-Smoker,0,0,0,0,0
53.0,Male,21.1,91.3,108.8,211.0,Moderate,Good,Current Smoker,0,0,0,0,1
43.0,Female,22.5,95.2,117.5,202.1,Moderate,Good,Former Smoker,0,0,0,0,1
58.0,Male,29.3,167.2,157.2,203.2,Sedentary,Average,Current Smoker,0,0,1,1,1
61.0,Male,30.3,85.8,98.1,199.8,Active,Good,Current Smoker,0,0,0,0,0
55.0,Male,25.8,165.6,147.3,233.5,Moderate,Average,Non-Smoker,1,0,1,1,1
57.0,Male,22.5,95.9,138.7,170.0,Moderate,Poor,Non-Smoker,1,0,0,1,0
59.0,Female,29.8,155.4,146.6,231.9,Moderate,Good,Current Smoker,0,1,1,1,1
56.0,Female,33.7,154.2,131.9,231.8,Sedentary,Average,Non-Smoker,1,0,1,1,1
59.0,Female,35.3,161.3,120.6,217.7,Sedentary,Average,Former Smoker,1,0,1,0,1
51.0,Female,24.6,68.8,97.1,172.9,Active,Good,Current Smoker,1,0,0,0,0
57.0,Female,34.4,118.0,141.2,237.2,Sedentary,Poor,Former Smoker,1,0,1,1,1
59.0,Male,40.1,127.5,149.1,213.1,Sedentary,Poor,Non-Smoker,1,0,1,1,1
30.0,Male,30.4,74.9,116.5,203.1,Sedentary,Average,Non-Smoker,0,0,0,0,1
52.0,Female,27.3,135.5,147.2,236.0,Sedentary,Average,Current Smoker,1,0,1,1,1
56.0,Male,31.8,193.6,151.2,145.0,Sedentary,Average,Current Smoker,1,0,1,1,0
61.0,Male,25.8,76.4,132.2,173.1,Moderate,Average,Current Smoker,0,0,0,1,0
44.0,Male,20.0,93.9,111.7,221.9,Sedentary,Poor,Non-Smoker,0,0,0,0,1
66.0,Female,25.5,109.8,121.9,205.7,Active,Good,Non-Smoker,0,0,0,0,1
48.0,Male,24.6,82.7,113.9,146.4,Active,Average,Non-Smoker,0,0,0,0,0
43.0,Female,27.2,118.0,130.7,188.0,Active,Good,Non-Smoker,0,0,0,1,0
47.0,Female,25.6,84.4,119.8,220.4,Sedentary,Average,Non-Smoker,0,0,0,0,1
61.0,Female,24.4,83.0,137.0,198.7,Active,Good,Non-Smoker,0,0,0,1,0
76.0,Female,25.5,84.2,116.7,227.3,Sedentary,Good,Non-Smoker,0,0,0,0,1
53.0,Female,27.2,120.0,118.2,213.1,Moderate,Good,Current Smoker,0,0,1,0,1
48.0,Male,28.0,135.4,119.8,218.0,Sedentary,Poor,Non-Smoker,0,0,1,0,1
75.0,Female,37.7,120.0,136.8,212.8,Sedentary,Poor,Current Smoker,1,0,1,1,1
57.0,Female,29.3,83.6,108.7,182.0,Active,Poor,Non-Smoker,0,0,0,0,0
64.0,Male,36.2,165.1,117.1,203.4,Sedentary,Average,Non-Smoker,1,0,1,0,1
64.0,Male,37.1,120.0,135.9,204.3,Sedentary,Average,Former Smoker,1,0,1,1,1
45.0,Female,33.4,166.8,170.2,145.0,Moderate,Poor,Current Smoker,0,0,1,1,0
82.0,Male,30.9,194.9,153.1,226.9,Sedentary,Average,Non-Smoker,1,0,1,1,1
62.0,Female,29.3,173.6,145.2,232.9,Moderate,Average,Non-Smoker,0,0,1,1,1
60.0,Male,34.1,189.7,132.0,232.7,Moderate,Average,Former Smoker,1,1,1,1,1
58.0,Female,27.6,190.4,133.9,251.9,Sedentary,Average,Former Smoker,1,0,1,1,1
43.0,Male,28.4,76.7,130.0,144.4,Active,Good,Non-Smoker,0,0,0,1,0
77.0,Male,33.8,135.2,108.5,265.4,Active,Poor,Former Smoker,0,0,1,0,1
49.0,Female,30.2,118.0,151.9,243.6,Sedentary,Average,Non-Smoker,1,1,1,1,1
31.0,Male,25.3,100.6,102.6,227.2,Moderate,Good,Non-Smoker,1,0,0,0,1
20.0,Male,27.5,109.1,118.0,173.5,Active,Average,Current Smoker,1,0,0,0,0
20.0,Male,28.4,99.8,115.8,208.8,Moderate,Good,Current Smoker,1,0,0,0,1
21.0,Male,26.8,84.8,118.2,222.8,Moderate,Good,Non-Smoker,1,0,0,0,1
53.0,Male,35.8,170.8,156.0,230.5,Sedentary,Good,Non-Smoker,0,0,1,1,1
72.0,Female,26.4,176.6,134.9,229.5,Active,Average,Current Smoker,1,0,1,1,1
61.0,Female,21.2,94.0,126.7,214.0,Active,Good,Former Smoker,0,0,0,0,1
47.0,Female,30.3,96.6,112.2,175.0,Sedentary,Average,Non-Smoker,0,0,0,0,0
40.0,Male,23.6,68.0,121.2,201.7,Moderate,Average,Current Smoker,0,0,0,0,1
54.0,Male,31.5,118.0,157.7,188.3,Sedentary,Average,Former Smoker,0,0,1,1,0
58.0,Male,36.2,152.6,119.0,232.0,Moderate,Poor,Current Smoker,0,0,1,0,1
27.0,Female,38.1,145.0,147.1,269.7,Moderate,Poor,Non-Smoker,0,0,1,1,1
49.0,Male,22.8,89.2,126.7,164.8,Moderate,Average,Former Smoker,0,0,0,0,0
45.0,Male,18.0,91.1,136.8,191.7,Moderate,Good,Non-Smoker,0,0,0,1,0
59.0,Female,36.1,144.1,145.1,259.0,Sedentary,Poor,Non-Smoker,1,0,1,1,1
30.0,Male,25.7,91.1,90.9,144.2,Sedentary,Poor,Current Smoker,0,0,0,0,0
35.0,Female,25.0,106.8,130.1,200.0,Moderate,Average,Non-Smoker,0,0,0,1,1
45.0,Male,22.2,86.1,124.1,182.0,Sedentary,Good,Former Smoker,0,0,0,0,0
55.0,Female,29.5,87.6,106.7,160.3,Active,Poor,Former Smoker,0,0,0,0,0
57.0,Female,35.5,236.5,123.0,230.3,Active,Average,Non-Smoker,0,1,1,0,1
45.0,Male,24.4,71.9,125.0,179.3,Sedentary,Average,Non-Smoker,0,0,0,0,0
68.0,Male,25.3,155.0,131.6,195.8,Sedentary,Average,Former Smoker,0,1,1,1,0
56.0,Female,30.0,133.1,142.1,197.6,Sedentary,Poor,Former Smoker,1,0,1,1,0
19.0,Female,19.2,85.2,129.0,178.5,Active,Good,Non-Smoker,1,0,0,0,0
73.0,Male,33.1,77.9,119.6,204.9,Sedentary,Average,Non-Smoker,1,0,0,0,1
57.0,Female,37.8,135.0,125.3,219.8,Moderate,Poor,Non-Smoker,1,1,1,1,1
57.0,Female,34.4,132.1,125.5,164.3,Sedentary,Average,Current Smoker,0,1,1,0,0
51.0,Male,20.3,86.6,123.5,204.0,Moderate,Average,Non-Smoker,0,0,0,0,1
65.0,Female,26.2,91.6,94.8,166.1,Moderate,Average,Current Smoker,0,0,0,0,0
50.0,Female,38.4,120.0,118.8,262.0,Sedentary,Poor,Former Smoker,1,0,1,0,1
60.0,Male,33.7,148.4,142.7,240.5,Sedentary,Average,Non-Smoker,1,0,1,1,1
58.0,Male,40.8,133.6,149.2,263.4,Active,Poor,Non-Smoker,0,0,1,1,1
54.0,Male,35.7,145.1,127.1,182.2,Sedentary,Poor,Former Smoker,0,1,1,0,0
48.0,Female,24.4,102.4,106.9,213.4,Moderate,Poor,Former Smoker,0,0,0,0,1
37.0,Male,34.1,200.9,131.0,257.9,Moderate,Poor,Non-Smoker,0,1,1,1,1
30.0,Female,17.5,84.9,137.5,128.9,Sedentary,Good,Current Smoker,0,1,0,1,0
57.0,Male,22.7,83.5,113.1,177.6,Active,Poor,Non-Smoker,0,0,0,0,0
43.0,Female,25.1,78.0,125.3,227.3,Moderate,Average,Non-Smoker,0,0,0,0,1
38.0,Female,28.0,166.0,123.6,242.3,Sedentary,Average,Former Smoker,1,0,1,0,1
56.0,Male,28.6,120.0,125.3,236.6,Sedentary,Average,Former Smoker,0,1,1,1,1
40.0,Male,26.9,167.3,117.3,183.5,Sedentary,Poor,Non-Smoker,0,1,1,0,0
46.0,Male,24.1,100.3,117.6,181.0,Active,Poor,Current Smoker,0,0,0,0,0
63.0,Male,22.0,86.0,94.7,181.4,Active,Good,Non-Smoker,0,0,0,0,0
42.0,Female,27.9,69.8,109.9,218.6,Active,Average,Former Smoker,0,0,0,0,1
85.0,Female,26.8,148.5,151.8,219.5,Active,Average,Current Smoker,1,0,1,1,1
80.0,Male,30.7,129.0,136.4,297.3,Sedentary,Average,Current Smoker,0,0,1,1,1
37.0,Female,22.0,118.0,121.9,217.4,Active,Good,Current Smoker,0,0,0,0,1
57.0,Female,39.0,182.3,125.3,183.6,Sedentary,Average,Current Smoker,1,1,1,0,0
50.0,Female,41.3,129.4,158.1,256.8,Sedentary,Poor,Non-Smoker,0,1,1,1,1
65.0,Male,21.8,86.4,116.7,178.5,Moderate,Good,Non-Smoker,0,0,0,0,0
48.0,Male,37.0,140.2,157.5,227.7,Sedentary,Poor,Current Smoker,1,1,1,1,1
62.0,Female,23.3,68.0,139.7,180.4,Active,Average,Non-Smoker,0,0,0,1,0
67.0,Male,27.8,180.0,147.1,275.5,Sedentary,Poor,Current Smoker,0,0,1,1,1
55.0,Female,27.5,202.8,155.4,300.4,Active,Good,Non-Smoker,0,0,1,1,1
33.0,Female,24.9,90.3,112.7,214.8,Active,Average,Former Smoker,0,0,0,0,1
57.0,Male,38.2,169.3,131.6,215.7,Sedentary,Poor,Former Smoker,0,0,1,1,1
41.0,Female,20.8,80.5,107.7,191.9,Moderate,Average,Non-Smoker,0,0,0,0,0
18.0,Male,25.6,103.1,112.0,229.5,Active,Poor,Non-Smoker,0,0,0,0,1
61.0,Female,31.4,158.9,120.5,251.1,Sedentary,Poor,Non-Smoker,0,0,1,0,1
68.0,Male,37.8,218.8,130.6,217.9,Moderate,Poor,Former Smoker,0,0,1,1,1
70.0,Male,31.4,153.4,159.3,171.5,Sedentary,Poor,Former Smoker,1,0,1,1,0
35.0,Female,26.1,82.2,112.7,231.4,Moderate,Good,Current Smoker,0,0,0,0,1
59.0,Female,22.5,84.2,114.6,178.7,Moderate,Poor,Current Smoker,1,0,0,0,0
56.0,Female,31.6,133.5,134.7,200.0,Sedentary,Average,Non-Smoker,0,0,1,1,1
77.0,Male,29.5,137.1,125.3,201.1,Sedentary,Poor,Non-Smoker,0,0,1,0,1
59.0,Female,35.5,88.6,106.2,167.5,Active,Average,Non-Smoker,0,1,0,0,0
57.0,Female,27.7,93.7,105.7,211.5,Active,Good,Non-Smoker,0,0,0,0,1
70.0,Female,25.5,78.3,137.4,167.3,Active,Good,Former Smoker,0,0,0,1,0
67.0,Male,34.3,121.7,136.2,225.3,Sedentary,Average,Former Smoker,0,0,1,1,1
52.0,Male,22.0,94.8,120.1,197.0,Moderate,Good,Former Smoker,0,0,0,0,0
38.0,Male,35.1,149.8,144.2,246.7,Sedentary,Average,Non-Smoker,0,0,1,1,1
32.0,Male,29.8,233.8,119.6,238.5,Sedentary,Poor,Non-Smoker,0,0,1,0,1
34.0,Female,27.4,118.0,133.3,164.3,Sedentary,Average,Former Smoker,0,0,0,1,0
57.0,Female,36.1,122.0,125.0,236.9,Sedentary,Average,Current Smoker,0,0,1,0,1
64.0,Female,37.1,179.5,147.6,231.2,Moderate,Poor,Non-Smoker,1,0,1,1,1
29.0,Male,36.8,128.2,141.0,217.6,Sedentary,Good,Current Smoker,0,1,1,1,1
52.0,Male,41.6,165.6,146.9,226.1,Moderate,Average,Non-Smoker,1,0,1,1,1
41.0,Male,41.8,156.6,153.1,286.0,Sedentary,Poor,Current Smoker,0,0,1,1,1
80.0,Male,17.5,68.0,120.1,189.0,Moderate,Average,Non-Smoker,1,0,0,0,0
38.0,Male,24.9,88.9,115.3,188.5,Moderate,Good,Non-Smoker,0,0,0,0,0
49.0,Male,39.9,159.2,139.3,257.4,Moderate,Average,Non-Smoker,0,0,1,1,1
48.0,Male,35.7,127.5,124.9,227.9,Sedentary,Average,Non-Smoker,0,0,1,0,1
36.0,Female,17.5,79.2,111.5,140.0,Moderate,Poor,Non-Smoker,0,0,0,0,0
49.0,Male,31.5,184.6,161.7,286.7,Moderate,Poor,Non-Smoker,1,0,1,1,1
45.0,Female,18.5,90.2,100.0,183.1,Active,Average,Non-Smoker,0,0,0,0,0
63.0,Female,32.3,154.5,119.2,180.8,Sedentary,Good,Non-Smoker,0,1,1,0,0
54.0,Male,32.9,135.3,134.7,259.5,Active,Average,Former Smoker,0,0,1,1,1
44.0,Male,17.5,102.4,114.7,196.7,Sedentary,Average,Non-Smoker,0,0,0,0,0
25.0,Female,27.0,91.9,105.1,174.3,Moderate,Average,Non-Smoker,0,0,0,0,0
68.0,Male,34.7,160.4,128.8,201.6,Moderate,Poor,Former Smoker,1,0,1,0,1
61.0,Male,37.5,120.0,129.5,207.2,Moderate,Poor,Current Smoker,1,0,1,0,1
43.0,Female,37.6,149.0,142.0,152.3,Sedentary,Good,Current Smoker,1,0,1,1,0
32.0,Male,30.0,106.3,124.9,155.9,Active,Good,Former Smoker,0,0,0,0,0
34.0,Male,21.8,105.3,90.0,222.8,Active,Poor,Non-Smoker,1,0,0,0,1
70.0,Male,33.4,136.9,164.3,251.0,Sedentary,Poor,Former Smoker,0,0,1,1,1
60.0,Female,33.2,159.1,139.4,277.4,Moderate,Average,Current Smoker,1,0,1,1,1
42.0,Female,42.6,153.3,146.5,212.8,Sedentary,Poor,Non-Smoker,0,0,1,1,1
59.0,Female,24.1,95.6,120.7,211.9,Moderate,Good,Non-Smoker,1,0,0,0,1
44.0,Male,31.3,147.9,137.3,196.0,Sedentary,Average,Current Smoker,0,0,1,1,0
41.0,Female,22.8,89.4,106.9,177.1,Moderate,Average,Non-Smoker,1,0,0,0,0
52.0,Male,27.2,179.2,131.5,210.9,Sedentary,Poor,Non-Smoker,0,1,1,1,1
56.0,Male,19.7,92.9,125.3,211.8,Moderate,Good,Former Smoker,0,0,0,1,1
46.0,Male,24.0,78.1,125.2,165.2,Active,Good,Current Smoker,1,0,0,0,0
85.0,Female,31.7,90.7,111.7,217.0,Sedentary,Good,Non-Smoker,0,0,0,0,1
55.0,Female,33.7,186.0,141.3,193.4,Moderate,Good,Current Smoker,0,0,1,1,0
78.0,Female,35.2,221.2,114.6,263.0,Moderate,Poor,Former Smoker,1,0,1,0,1
40.0,Female,35.4,154.0,123.3,251.3,Moderate,Poor,Non-Smoker,1,1,1,0,1
77.0,Male,26.7,132.8,145.6,206.6,Sedentary,Average,Non-Smoker,0,1,1,1,1
70.0,Male,26.3,84.2,134.1,158.4,Moderate,Good,Former Smoker,0,0,0,1,0
50.0,Male,36.6,153.9,129.7,185.8,Sedentary,Average,Former Smoker,1,0,1,0,0
47.0,Female,22.1,90.2,123.5,177.9,Moderate,Average,Non-Smoker,0,0,0,0,0
61.0,Female,29.7,123.2,128.3,234.4,Sedentary,Poor,Current Smoker,1,0,1,0,1
66.0,Male,29.0,120.0,105.1,233.2,Moderate,Poor,Current Smoker,1,0,1,0,1
56.0,Female,24.2,93.8,134.3,215.6,Moderate,Good,Current Smoker,1,0,0,1,1
49.0,Female,31.8,138.8,120.4,223.0,Moderate,Average,Former Smoker,0,0,1,0,1
54.0,Male,28.0,170.6,130.8,281.1,Moderate,Average,Non-Smoker,1,0,1,1,1
24.0,Female,23.0,101.3,100.9,185.8,Active,Good,Non-Smoker,0,0,0,0,0
47.0,Female,25.6,99.7,90.0,193.9,Active,Average,Former Smoker,1,0,0,0,0
69.0,Male,41.9,165.6,139.4,253.9,Sedentary,Poor,Non-Smoker,0,1,1,1,1
48.0,Female,23.6,106.8,101.5,201.8,Moderate,Average,Former Smoker,0,0,0,0,1
63.0,Female,34.2,154.7,163.9,245.2,Moderate,Poor,Non-Smoker,1,0,1,1,1
36.0,Female,22.5,91.0,126.6,191.2,Active,Poor,Former Smoker,0,0,0,0,0
41.0,Male,25.1,89.8,115.8,144.7,Active,Good,Former Smoker,1,0,0,0,0
71.0,Female,32.6,124.1,127.9,274.7,Sedentary,Average,Current Smoker,0,0,1,0,1
27.0,Male,28.1,74.0,124.7,189.5,Active,Average,Non-Smoker,1,0,0,0,0
62.0,Male,29.9,134.1,161.1,205.3,Active,Average,Non-Smoker,0,0,1,1,1
67.0,Female,24.3,99.8,130.0,229.3,Moderate,Average,Non-Smoker,0,0,0,1,1
48.0,Male,29.8,83.4,118.2,203.8,Active,Good,Non-Smoker,0,0,0,0,1
64.0,Female,32.9,188.2,148.3,214.8,Sedentary,Poor,Former Smoker,1,0,1,1,1
34.0,Male,23.0,68.0,94.1,174.9,Sedentary,Good,Non-Smoker,0,0,0,0,0
46.0,Male,42.1,189.7,144.7,211.0,Sedentary,Poor,Former Smoker,0,1,1,1,1
68.0,Female,23.4,126.4,123.4,252.2,Sedentary,Average,Former Smoker,1,0,1,0,1
47.0,Male,19.2,109.4,101.1,206.8,Moderate,Poor,Current Smoker,0,0,0,0,1
57.0,Male,37.1,118.0,152.3,214.4,Active,Average,Non-Smoker,0,0,1,1,1
62.0,Female,22.4,93.9,138.1,194.7,Active,Poor,Non-Smoker,1,0,0,1,0
70.0,Male,39.6,118.0,153.8,200.9,Sedentary,Good,Non-Smoker,1,0,1,1,1
41.0,Female,21.2,95.0,115.9,194.5,Sedentary,Average,Former Smoker,0,0,0,0,0
53.0,Female,24.2,93.3,95.3,193.3,Active,Good,Non-Smoker,1,0,0,0,0
24.0,Male,21.1,118.0,116.7,182.6,Active,Average,Non-Smoker,0,0,0,0,0
68.0,Female,35.2,160.2,137.2,197.0,Sedentary,Poor,Non-Smoker,0,0,1,1,0
36.0,Female,24.5,73.3,123.5,174.7,Moderate,Average,Current Smoker,0,0,0,0,0
31.0,Female,25.2,92.8,118.2,189.5,Moderate,Good,Non-Smoker,1,0,0,0,0
67.0,Female,35.1,193.6,148.7,236.7,Sedentary,Average,Former Smoker,0,0,1,1,1
39.0,Female,27.8,99.3,95.0,178.0,Moderate,Average,Former Smoker,0,0,0,0,0
53.0,Male,32.6,163.4,128.6,232.0,Sedentary,Poor,Non-Smoker,1,0,1,0,1
50.0,Male,28.0,145.3,155.7,256.4,Sedentary,Average,Current Smoker,1,0,1,1,1
59.0,Male,30.0,118.0,154.1,257.9,Moderate,Poor,Non-Smoker,0,0,1,1,1
64.0,Male,25.2,196.1,139.3,188.9,Sedentary,Average,Current Smoker,0,0,1,1,0
62.0,Female,33.2,173.2,151.2,238.0,Active,Average,Former Smoker,0,0,1,1,1
55.0,Female,32.1,162.9,146.6,243.8,Sedentary,Good,Former Smoker,0,1,1,1,1
37.0,Female,29.7,150.3,120.7,266.5,Moderate,Poor,Current Smoker,0,0,1,0,1
72.0,Male,41.4,126.2,160.8,233.7,Active,Average,Former Smoker,0,0,1,1,1
33.0,Female,24.6,101.3,122.4,193.3,Active,Average,Non-Smoker,0,0,0,0,0
49.0,Female,24.9,80.0,144.5,222.8,Active,Average,Non-Smoker,1,0,0,1,1
48.0,Male,27.1,77.3,123.2,165.6,Active,Good,Non-Smoker,0,0,0,0,0
56.0,Male,29.6,93.4,127.6,199.0,Moderate,Average,Current Smoker,0,0,0,0,0
42.0,Female,28.3,111.8,91.7,213.4,Active,Poor,Non-Smoker,0,0,0,0,1
42.0,Female,21.9,89.8,106.6,165.3,Active,Average,Non-Smoker,0,0,0,0,0
73.0,Female,40.7,151.5,135.0,221.2,Sedentary,Poor,Former Smoker,0,0,1,1,1
34.0,Female,34.0,120.0,151.9,270.9,Sedentary,Average,Non-Smoker,0,1,1,1,1
74.0,Female,27.6,162.8,143.7,208.4,Active,Poor,Non-Smoker,1,0,1,1,1
51.0,Female,22.9,179.0,149.2,145.0,Moderate,Average,Non-Smoker,0,0,1,1,0
56.0,Female,37.4,151.3,138.3,280.5,Moderate,Poor,Former Smoker,1,0,1,1,1
67.0,Male,36.6,120.0,122.4,241.6,Moderate,Average,Non-Smoker,0,0,1,0,1
24.0,Male,35.8,120.0,151.2,301.0,Sedentary,Poor,Non-Smoker,0,1,1,1,1
48.0,Female,28.0,76.3,128.5,164.8,Moderate,Poor,Former Smoker,0,0,0,0,0
63.0,Male,23.3,100.1,125.6,201.4,Active,Average,Non-Smoker,1,0,0,0,1
35.0,Male,28.3,95.1,135.1,194.7,Moderate,Average,Non-Smoker,0,0,0,1,0
36.0,Male,26.0,95.3,113.4,168.2,Moderate,Average,Non-Smoker,0,0,0,0,0
59.0,Female,28.8,120.0,147.1,216.4,Sedentary,Average,Current Smoker,0,0,1,1,1
73.0,Male,31.0,206.1,135.4,260.5,Moderate,Average,Current Smoker,0,0,1,1,1
72.0,Female,22.0,187.6,122.7,196.0,Sedentary,Average,Former Smoker,1,1,1,0,0
54.0,Female,36.3,126.1,162.5,255.5,Moderate,Average,Non-Smoker,1,0,1,1,1
29.0,Male,31.2,68.3,132.7,188.1,Active,Good,Non-Smoker,0,0,0,1,0
66.0,Male,21.2,110.1,125.3,193.5,Moderate,Average,Non-Smoker,0,0,0,0,0
85.0,Female,30.5,120.0,123.3,251.2,Sedentary,Poor,Former Smoker,1,0,1,0,1
69.0,Female,19.9,85.9,94.4,185.5,Active,Poor,Non-Smoker,0,0,0,0,0
52.0,Male,29.3,90.8,139.5,163.7,Moderate,Good,Former Smoker,0,0,0,1,0
72.0,Male,32.9,120.0,152.1,183.8,Sedentary,Good,Non-Smoker,0,0,1,1,0
63.0,Male,26.1,149.4,125.1,252.1,Sedentary,Poor,Former Smoker,0,0,1,0,1
48.0,Female,23.6,81.9,107.2,197.3,Moderate,Good,Non-Smoker,0,0,0,0,0
49.0,Female,28.6,73.9,117.6,194.4,Active,Average,Non-Smoker,1,0,0,0,0
38.0,Female,26.7,101.8,131.3,157.1,Active,Average,Non-Smoker,0,0,0,1,0
37.0,Male,28.6,108.5,128.1,175.8,Sedentary,Average,Current Smoker,1,0,0,0,0
72.0,Male,33.5,202.0,161.2,179.2,Moderate,Poor,Former Smoker,1,0,1,1,0
40.0,Male,22.0,151.8,137.4,196.9,Moderate,Poor,Non-Smoker,0,0,1,1,0
85.0,Female,24.2,120.0,132.6,241.2,Active,Good,Non-Smoker,1,0,1,1,1
64.0,Female,33.5,216.2,143.5,270.4,Sedentary,Good,Former Smoker,1,0,1,1,1
73.0,Male,26.9,134.2,134.7,295.7,Sedentary,Good,Non-Smoker,0,0,1,1,1
44.0,Male,27.8,68.0,109.9,180.1,Active,Average,Non-Smoker,0,0,0,0,0
56.0,Male,28.0,103.7,116.1,212.4,Active,Good,Current Smoker,0,0,0,0,1
58.0,Female,25.4,77.2,91.5,178.1,Active,Average,Former Smoker,0,0,0,0,0
46.0,Male,26.3,143.1,147.9,228.8,Sedentary,Poor,Non-Smoker,1,0,1,1,1
47.0,Male,29.9,187.0,128.5,264.9,Moderate,Average,Non-Smoker,1,0,1,0,1
55.0,Male,26.6,90.4,125.3,215.9,Sedentary,Good,Non-Smoker,0,0,0,0,1
74.0,Female,28.8,141.3,140.2,223.5,Sedentary,Poor,Non-Smoker,1,0,1,1,1
25.0,Male,30.5,87.5,116.6,147.3,Active,Poor,Former Smoker,0,0,0,0,0
55.0,Female,31.7,133.2,120.0,199.1,Active,Poor,Non-Smoker,1,0,1,0,0
68.0,Female,29.7,181.5,138.6,205.2,Moderate,Poor,Former Smoker,0,1,1,1,1
69.0,Male,33.3,163.6,113.7,202.9,Sedentary,Average,Non-Smoker,1,0,1,0,1
74.0,Female,29.6,142.5,116.3,201.7,Sedentary,Average,Non-Smoker,1,0,1,0,1
52.0,Male,38.9,120.0,138.7,215.0,Moderate,Average,Non-Smoker,0,0,1,1,1
48.0,Female,33.4,120.0,145.5,163.6,Active,Good,Former Smoker,1,0,1,1,0
18.0,Male,25.9,88.6,131.5,166.0,Sedentary,Poor,Non-Smoker,0,0,0,1,0
63.0,Female,28.6,120.0,147.7,292.4,Sedentary,Average,Former Smoker,1,0,1,1,1
26.0,Female,21.8,111.3,123.5,200.0,Moderate,Good,Non-Smoker,0,0,0,0,1
53.0,Female,22.0,189.2,154.1,182.9,Moderate,Average,Non-Smoker,0,1,1,1,0
34.0,Female,31.3,94.6,125.7,155.1,Moderate,Average,Former Smoker,0,0,0,0,0
46.0,Male,27.2,120.0,140.6,275.6,Active,Poor,Non-Smoker,0,0,1,1,1
59.0,Female,28.0,120.0,131.0,225.8,Sedentary,Good,Current Smoker,1,0,1,1,1
56.0,Male,30.3,120.0,129.8,300.9,Sedentary,Poor,Non-Smoker,1,0,1,0,1
49.0,Male,31.3,201.0,133.4,237.7,Moderate,Average,Former Smoker,1,0,1,1,1
27.0,Female,19.6,102.9,109.4,187.9,Moderate,Good,Current Smoker,0,0,0,0,0
51.0,Male,35.5,155.0,144.7,259.7,Sedentary,Good,Current Smoker,0,0,1,1,1
81.0,Male,32.6,149.7,129.3,262.9,Sedentary,Poor,Former Smoker,1,0,1,0,1
48.0,Female,27.2,169.1,157.0,221.3,Sedentary,Poor,Non-Smoker,0,0,1,1,1
53.0,Female,34.2,145.5,168.4,238.7,Active,Poor,Former Smoker,0,0,1,1,1
49.0,Male,38.1,165.4,138.8,183.3,Moderate,Poor,Former Smoker,0,0,1,1,0
42.0,Female,28.0,68.5,114.3,182.7,Moderate,Average,Current Smoker,0,0,0,0,0
46.0,Male,26.4,94.9,124.0,194.8,Sedentary,Good,Non-Smoker,0,0,0,0,0
37.0,Male,29.0,124.2,137.4,184.9,Moderate,Poor,Former Smoker,1,1,1,1,0
51.0,Female,23.7,88.1,112.7,164.0,Active,Average,Non-Smoker,1,0,0,0,0
66.0,Female,17.5,91.9,116.2,213.9,Sedentary,Good,Non-Smoker,0,1,0,0,1
68.0,Female,26.4,233.0,137.7,237.7,Moderate,Average,Current Smoker,1,0,1,1,1
63.0,Female,29.3,81.7,125.3,137.3,Sedentary,Good,Non-Smoker,0,0,0,0,0
63.0,Female,22.0,148.9,129.2,227.3,Sedentary,Average,Current Smoker,0,0,1,0,1
61.0,Female,23.5,91.2,132.2,185.5,Active,Average,Non-Smoker,0,1,0,1,0
44.0,Male,28.0,118.0,131.6,181.6,Sedentary,Average,Former Smoker,1,0,1,1,0
18.0,Female,26.4,105.5,125.3,197.8,Active,Average,Current Smoker,0,0,0,0,0
38.0,Female,28.2,68.0,131.6,212.7,Sedentary,Good,Non-Smoker,0,0,0,1,1
58.0,Female,28.5,168.8,148.0,248.7,Sedentary,Average,Current Smoker,0,1,1,1,1
43.0,Male,24.4,103.6,138.0,173.6,Active,Good,Former Smoker,0,1,0,1,0
22.0,Male,17.5,118.0,122.2,191.9,Moderate,Poor,Non-Smoker,1,0,0,0,0
48.0,Female,29.6,195.5,139.8,243.6,Sedentary,Average,Current Smoker,1,0,1,1,1
65.0,Male,24.8,86.5,110.9,174.2,Sedentary,Average,Non-Smoker,0,0,0,0,0
33.0,Female,26.6,88.2,126.7,217.3,Moderate,Average,Non-Smoker,0,0,0,0,1
44.0,Female,24.5,71.0,126.2,225.4,Moderate,Average,Non-Smoker,0,0,0,0,1
47.0,Female,29.7,102.4,125.3,169.8,Active,Average,Former Smoker,1,0,0,0,0
24.0,Male,23.9,95.2,121.4,210.3,Active,Average,Non-Smoker,0,0,0,0,1
72.0,Female,28.7,188.3,129.1,208.5,Active,Average,Former Smoker,0,0,1,0,1
33.0,Male,27.0,79.5,117.6,202.4,Active,Poor,Former Smoker,0,0,0,0,1
18.0,Female,21.4,97.0,126.8,139.9,Active,Average,Non-Smoker,0,1,0,0,0
58.0,Female,24.3,92.4,122.5,192.0,Sedentary,Average,Non-Smoker,0,1,0,0,0
47.0,Female,28.1,151.7,147.3,250.2,Sedentary,Average,Non-Smoker,1,0,1,1,1
59.0,Male,31.6,120.0,121.2,190.6,Active,Poor,Current Smoker,1,0,1,0,0
39.0,Male,23.0,107.5,106.3,160.8,Moderate,Good,Former Smoker,0,0,0,0,0
54.0,Female,30.9,88.8,113.9,159.7,Moderate,Average,Non-Smoker,0,0,0,0,0
42.0,Female,38.6,157.8,121.3,264.5,Sedentary,Average,Non-Smoker,1,0,1,0,1
30.0,Female,21.0,86.0,109.0,181.0,Sedentary,Average,Non-Smoker,0,0,0,0,0
63.0,Female,33.8,184.6,143.8,215.6,Moderate,Average,Current Smoker,1,0,1,1,1
45.0,Female,37.2,120.0,140.7,290.2,Sedentary,Average,Current Smoker,1,1,1,1,1
44.0,Female,23.8,88.4,125.2,157.3,Active,Good,Non-Smoker,0,0,0,0,0
49.0,Female,29.6,78.5,130.7,200.1,Active,Good,Non-Smoker,0,0,0,1,1
51.0,Female,34.5,236.2,142.7,226.1,Active,Average,Non-Smoker,0,0,1,1,1
53.0,Male,26.2,78.2,126.5,170.6,Moderate,Poor,Former Smoker,0,0,0,0,0
61.0,Female,38.1,136.2,161.2,255.2,Sedentary,Average,Current Smoker,1,0,1,1,1
60.0,Male,25.4,114.8,109.7,138.9,Moderate,Good,Non-Smoker,0,0,0,0,0
53.0,Male,26.7,99.9,126.4,189.4,Moderate,Average,Former Smoker,0,0,0,0,0
42.0,Female,37.2,120.0,131.9,213.3,Sedentary,Good,Current Smoker,0,1,1,1,1
54.0,Male,25.4,203.3,152.1,206.7,Moderate,Average,Former Smoker,0,0,1,1,1
59.0,Male,30.4,68.0,130.3,207.6,Active,Average,Non-Smoker,0,0,0,1,1
46.0,Male,27.6,103.0,134.6,205.1,Sedentary,Average,Former Smoker,0,0,0,1,1
46.0,Female,23.2,110.7,97.8,159.8,Moderate,Good,Non-Smoker,0,0,0,0,0
71.0,Male,35.8,168.5,118.9,177.6,Sedentary,Poor,Non-Smoker,0,0,1,0,0
56.0,Female,31.2,138.6,146.3,220.0,Moderate,Poor,Former Smoker,1,1,1,1,1
53.0,Male,25.8,74.1,122.3,217.6,Sedentary,Average,Former Smoker,0,0,0,0,1
53.0,Female,23.3,103.4,103.3,184.3,Moderate,Average,Non-Smoker,0,0,0,0,0
37.0,Female,25.6,75.8,111.6,166.1,Active,Average,Non-Smoker,0,0,0,0,0
53.0,Male,40.7,153.2,123.4,185.6,Moderate,Poor,Non-Smoker,1,0,1,0,0
53.0,Male,20.0,108.9,111.1,210.0,Moderate,Average,Non-Smoker,0,0,0,0,1
58.0,Male,31.3,144.5,151.4,235.1,Sedentary,Poor,Former Smoker,1,0,1,1,1
67.0,Female,26.4,148.5,140.2,245.2,Sedentary,Poor,Current Smoker,1,0,1,1,1
43.0,Male,17.5,98.2,116.0,187.4,Active,Good,Former Smoker,0,0,0,0,0
36.0,Female,28.4,83.7,105.2,202.9,Active,Good,Non-Smoker,0,0,0,0,1
75.0,Male,36.1,120.0,145.1,271.5,Sedentary,Average,Current Smoker,0,0,1,1,1
53.0,Female,22.8,104.0,115.6,222.4,Moderate,Average,Non-Smoker,0,0,0,0,1
57.0,Male,37.5,134.6,150.1,217.9,Sedentary,Average,Former Smoker,1,0,1,1,1
61.0,Male,38.4,178.6,145.2,291.0,Sedentary,Poor,Former Smoker,0,1,1,1,1
45.0,Male,41.8,184.9,128.9,199.6,Moderate,Average,Non-Smoker,1,0,1,0,0
38.0,Male,32.1,84.5,119.1,164.2,Moderate,Average,Non-Smoker,0,0,0,0,0
59.0,Male,36.0,120.0,144.8,167.8,Sedentary,Good,Former Smoker,1,0,1,1,0
33.0,Female,21.1,104.1,111.4,159.6,Moderate,Good,Non-Smoker,0,0,0,0,0
69.0,Male,31.9,127.6,146.0,184.1,Moderate,Good,Non-Smoker,1,0,1,1,0
61.0,Male,27.8,155.9,139.3,258.9,Moderate,Average,Current Smoker,0,1,1,1,1
67.0,Female,21.1,90.7,127.6,201.7,Active,Average,Non-Smoker,0,0,0,0,1
18.0,Female,22.3,77.8,113.1,164.0,Active,Poor,Non-Smoker,0,0,0,0,0
36.0,Male,26.3,74.8,119.6,184.3,Moderate,Average,Non-Smoker,0,0,0,0,0
61.0,Male,44.6,205.2,125.2,236.3,Sedentary,Average,Non-Smoker,1,0,1,0,1
50.0,Male,24.6,78.4,131.1,229.3,Active,Average,Non-Smoker,0,0,0,1,1
58.0,Male,35.1,138.6,122.8,246.3,Sedentary,Average,Non-Smoker,0,1,1,0,1
18.0,Male,24.8,95.5,122.6,196.6,Sedentary,Good,Current Smoker,0,0,0,0,0
32.0,Female,22.0,92.2,106.6,150.6,Sedentary,Good,Former Smoker,0,0,0,0,0
47.0,Male,23.3,86.6,126.5,193.4,Sedentary,Average,Former Smoker,0,0,0,0,0
66.0,Male,27.1,120.0,113.9,259.5,Moderate,Average,Non-Smoker,0,0,1,0,1
85.0,Male,32.6,120.0,120.6,251.6,Moderate,Average,Current Smoker,0,0,1,0,1
57.0,Male,27.1,175.0,124.4,193.6,Sedentary,Poor,Non-Smoker,1,0,1,0,0
53.0,Female,32.4,217.1,136.3,245.0,Sedentary,Average,Current Smoker,1,0,1,1,1
54.0,Male,31.6,95.8,121.7,217.8,Active,Average,Former Smoker,0,0,0,0,1
42.0,Male,17.5,82.5,109.0,188.2,Moderate,Good,Non-Smoker,0,0,0,0,0
69.0,Female,22.4,162.2,129.0,309.1,Sedentary,Poor,Non-Smoker,1,0,1,0,1
22.0,Female,25.3,95.9,103.0,183.8,Active,Good,Non-Smoker,0,0,0,0,0
18.0,Female,29.2,110.3,98.5,166.7,Active,Average,Former Smoker,0,0,0,0,0
36.0,Female,28.9,118.0,117.5,191.3,Active,Average,Current Smoker,0,0,0,0,0
44.0,Female,36.3,118.0,132.5,237.5,Moderate,Average,Former Smoker,0,0,1,1,1
55.0,Female,24.8,86.8,102.8,216.2,Sedentary,Average,Non-Smoker,0,0,0,0,1
75.0,Male,34.3,127.4,139.1,229.3,Sedentary,Poor,Former Smoker,1,1,1,1,1
56.0,Male,28.8,177.7,154.4,230.7,Moderate,Average,Former Smoker,1,0,1,1,1
78.0,Male,23.3,106.5,104.4,177.2,Active,Average,Current Smoker,0,0,0,0,0
74.0,Male,33.0,240.1,124.8,304.6,Sedentary,Average,Former Smoker,1,0,1,0,1
44.0,Male,27.0,165.9,152.3,213.0,Moderate,Poor,Non-Smoker,1,0,1,1,1
36.0,Male,25.0,118.0,114.0,176.2,Moderate,Good,Non-Smoker,0,0,0,0,0
56.0,Male,29.6,166.2,141.6,257.4,Sedentary,Average,Current Smoker,0,0,1,1,1
27.0,Female,29.0,91.7,105.2,144.3,Moderate,Poor,Former Smoker,0,0,0,0,0
42.0,Male,32.4,174.1,144.9,286.0,Moderate,Poor,Former Smoker,1,0,1,1,1
63.0,Female,36.7,164.2,148.5,199.1,Moderate,Average,Former Smoker,0,1,1,1,0
24.0,Male,28.2,69.6,121.5,194.5,Active,Average,Non-Smoker,0,0,0,0,0
49.0,Male,23.1,98.9,108.5,234.1,Active,Average,Former Smoker,0,0,0,0,1
72.0,Male,33.7,154.9,127.3,145.0,Sedentary,Average,Non-Smoker,1,0,1,0,0
27.0,Male,24.0,89.4,107.5,187.8,Active,Average,Non-Smoker,0,0,0,0,0
62.0,Male,36.7,194.4,134.2,221.6,Moderate,Good,Non-Smoker,0,0,1,1,1
52.0,Female,22.9,83.7,90.0,178.1,Active,Average,Non-Smoker,0,0,0,0,0
77.0,Female,35.4,127.0,125.3,176.4,Moderate,Good,Non-Smoker,1,0,1,1,0
67.0,Male,26.9,183.9,129.6,198.1,Moderate,Good,Current Smoker,1,0,1,0,0
34.0,Female,23.9,155.2,132.9,243.3,Moderate,Average,Former Smoker,1,0,1,1,1
47.0,Male,30.3,88.9,118.6,169.7,Moderate,Average,Former Smoker,0,0,0,0,0
44.0,Female,26.1,150.2,140.8,208.6,Active,Average,Current Smoker,1,1,1,1,1
24.0,Female,34.4,154.2,112.7,227.3,Active,Good,Current Smoker,1,0,1,0,1
73.0,Female,40.9,118.0,135.0,207.6,Moderate,Poor,Former Smoker,0,0,1,1,1
52.0,Male,40.2,120.0,125.3,228.9,Moderate,Poor,Non-Smoker,1,0,1,1,1
57.0,Male,31.3,120.0,128.9,215.5,Moderate,Average,Non-Smoker,0,0,1,0,1
26.0,Male,22.7,118.0,127.7,177.6,Active,Good,Non-Smoker,0,0,0,0,0
33.0,Male,24.9,89.2,128.6,178.2,Sedentary,Average,Non-Smoker,0,0,0,0,0
67.0,Female,31.1,90.0,115.3,211.9,Active,Good,Former Smoker,1,0,0,0,1
41.0,Female,22.1,118.0,130.7,182.4,Active,Poor,Current Smoker,0,0,0,1,0
50.0,Male,19.0,86.8,129.0,182.7,Active,Average,Non-Smoker,0,0,0,0,0
44.0,Male,22.9,99.2,103.2,158.1,Active,Good,Non-Smoker,0,0,0,0,0
85.0,Female,23.6,150.8,134.8,266.7,Sedentary,Average,Current Smoker,1,0,1,1,1
36.0,Female,26.8,89.9,110.7,172.1,Moderate,Good,Non-Smoker,1,0,0,0,0
57.0,Female,28.1,187.9,125.7,264.7,Moderate,Average,Non-Smoker,0,1,1,0,1
58.0,Male,42.2,170.7,127.4,190.6,Sedentary,Poor,Current Smoker,1,0,1,0,0
67.0,Female,30.0,135.2,146.9,221.0,Sedentary,Average,Non-Smoker,1,0,1,1,1
50.0,Female,28.0,77.4,104.7,215.7,Active,Average,Former Smoker,0,0,0,0,1
29.0,Male,23.7,101.5,117.5,174.7,Active,Good,Former Smoker,1,0,0,0,0
22.0,Female,27.0,97.5,90.0,148.9,Moderate,Good,Non-Smoker,0,1,0,0,0
68.0,Male,30.5,138.5,128.4,226.3,Sedentary,Poor,Former Smoker,0,0,1,0,1
61.0,Female,25.6,92.3,117.1,173.8,Active,Good,Non-Smoker,0,0,0,0,0
57.0,Male,24.6,78.7,107.1,160.7,Active,Good,Non-Smoker,1,0,0,0,0
43.0,Male,30.4,162.1,119.0,200.1,Moderate,Poor,Non-Smoker,0,0,1,0,1
78.0,Male,17.5,89.5,115.6,193.7,Active,Good,Non-Smoker,0,0,0,0,0
67.0,Male,18.9,114.5,113.6,187.2,Active,Average,Non-Smoker,0,0,0,0,0
36.0,Male,25.0,88.6,106.6,187.7,Moderate,Average,Non-Smoker,1,0,0,0,0
50.0,Female,24.3,81.2,126.9,201.8,Sedentary,Average,Current Smoker,0,0,0,0,1
74.0,Male,33.9,132.6,108.3,191.6,Active,Average,Former Smoker,0,0,1,0,0
68.0,Male,30.7,128.4,140.3,185.9,Active,Average,Former Smoker,1,0,1,1,0
44.0,Male,27.4,100.3,130.0,186.0,Active,Average,Non-Smoker,1,0,0,1,0
66.0,Female,18.4,95.3,113.7,206.3,Active,Average,Non-Smoker,0,0,0,0,1
52.0,Male,27.3,87.8,102.6,189.2,Active,Good,Former Smoker,0,0,0,0,0
33.0,Female,26.1,99.7,106.5,151.4,Active,Good,Non-Smoker,0,0,0,0,0
45.0,Female,25.8,105.2,109.9,196.5,Moderate,Poor,Non-Smoker,0,1,0,0,0
58.0,Male,24.1,100.7,116.4,135.2,Sedentary,Good,Former Smoker,0,0,0,0,0
31.0,Male,17.8,88.6,118.0,196.4,Active,Average,Non-Smoker,0,0,0,0,0
53.0,Female,38.2,194.1,149.0,213.5,Active,Average,Non-Smoker,1,0,1,1,1
66.0,Female,22.0,198.0,138.3,214.9,Active,Poor,Non-Smoker,0,0,1,1,1
73.0,Male,38.0,118.0,122.2,207.5,Sedentary,Average,Current Smoker,0,0,1,0,1
47.0,Male,22.0,110.7,121.4,201.7,Sedentary,Good,Non-Smoker,0,0,0,0,1
59.0,Female,21.1,118.0,126.9,192.0,Moderate,Good,Former Smoker,0,0,0,0,0
66.0,Female,42.2,120.0,146.5,248.9,Moderate,Good,Non-Smoker,0,0,1,1,1
54.0,Male,42.4,160.1,144.0,182.6,Moderate,Average,Former Smoker,1,1,1,1,0
34.0,Male,17.5,118.0,111.5,171.9,Active,Poor,Former Smoker,0,0,0,0,0
73.0,Female,40.1,120.0,125.9,176.1,Sedentary,Poor,Former Smoker,1,0,1,0,0
63.0,Female,23.2,120.7,122.1,258.0,Sedentary,Poor,Non-Smoker,0,1,1,0,1
56.0,Female,22.5,103.5,127.4,155.1,Moderate,Poor,Non-Smoker,0,0,0,0,0
50.0,Female,19.4,85.1,99.1,224.9,Active,Average,Non-Smoker,1,0,0,0,1
43.0,Female,30.4,155.5,123.7,260.2,Moderate,Poor,Former Smoker,1,0,1,0,1
45.0,Female,26.6,106.1,119.3,141.3,Sedentary,Average,Non-Smoker,0,0,0,0,0
50.0,Male,28.0,151.3,142.9,253.7,Moderate,Good,Non-Smoker,0,0,1,1,1
80.0,Male,30.6,126.0,141.5,236.1,Moderate,Average,Non-Smoker,1,1,1,1,1
50.0,Female,25.0,86.3,124.0,202.1,Active,Average,Current Smoker,0,0,0,0,1
55.0,Male,22.0,92.6,99.4,168.2,Moderate,Average,Current Smoker,0,0,0,0,0
44.0,Male,26.2,68.0,122.5,213.2,Moderate,Good,Former Smoker,0,0,0,0,1
61.0,Male,25.7,151.6,134.7,232.6,Sedentary,Poor,Former Smoker,0,0,1,1,1
72.0,Female,37.7,194.4,121.4,242.3,Sedentary,Average,Non-Smoker,0,0,1,0,1
67.0,Male,37.4,160.1,125.3,235.1,Moderate,Average,Former Smoker,0,0,1,1,1
36.0,Female,30.9,182.7,136.4,249.6,Sedentary,Good,Former Smoker,1,0,1,1,1
66.0,Female,31.1,189.0,132.2,232.5,Moderate,Average,Non-Smoker,0,0,1,1,1
38.0,Female,32.2,85.8,120.8,192.0,Active,Good,Former Smoker,0,0,0,0,0
56.0,Male,33.3,147.6,148.0,222.3,Sedentary,Poor,Current Smoker,1,1,1,1,1
33.0,Male,19.7,117.5,104.1,200.5,Active,Average,Non-Smoker,0,0,0,0,1
46.0,Female,21.5,83.3,116.9,191.3,Active,Good,Non-Smoker,0,0,0,0,0
47.0,Male,32.1,164.9,156.0,219.1,Moderate,Poor,Current Smoker,0,0,1,1,1
46.0,Male,31.8,118.0,125.5,201.5,Sedentary,Poor,Current Smoker,0,0,1,0,1
61.0,Female,36.2,138.7,110.4,218.0,Sedentary,Average,Non-Smoker,0,0,1,0,1
56.0,Female,34.1,160.8,115.0,227.9,Moderate,Good,Non-Smoker,0,1,1,0,1
60.0,Male,38.9,157.6,133.5,224.4,Active,Poor,Former Smoker,1,0,1,1,1
52.0,Female,36.7,175.6,148.9,278.1,Sedentary,Average,Former Smoker,0,0,1,1,1
66.0,Female,39.8,129.1,135.9,249.7,Moderate,Poor,Former Smoker,1,0,1,1,1
55.0,Male,42.7,158.2,154.1,246.5,Sedentary,Poor,Former Smoker,1,0,1,1,1
70.0,Male,37.0,133.3,111.9,194.8,Moderate,Average,Former Smoker,0,1,1,0,0
34.0,Female,39.5,133.9,121.9,249.5,Moderate,Poor,Non-Smoker,0,0,1,0,1
68.0,Male,25.2,97.4,108.5,206.2,Moderate,Average,Non-Smoker,0,0,0,0,1
67.0,Female,31.5,134.3,119.7,284.0,Sedentary,Average,Former Smoker,0,0,1,0,1
39.0,Female,19.3,97.2,123.7,153.2,Moderate,Good,Non-Smoker,0,0,0,0,0
49.0,Female,34.5,132.7,106.5,204.3,Active,Poor,Non-Smoker,0,0,1,0,1
31.0,Male,20.6,100.5,121.5,239.2,Moderate,Good,Former Smoker,0,0,0,0,1
60.0,Female,33.8,120.0,134.9,231.4,Sedentary,Average,Non-Smoker,0,0,1,1,1
55.0,Male,33.8,190.8,153.5,229.2,Sedentary,Average,Former Smoker,1,1,1,1,1
68.0,Male,34.1,190.7,112.2,220.6,Sedentary,Average,Former Smoker,0,0,1,0,1
62.0,Male,36.9,140.8,155.3,214.6,Sedentary,Poor,Current Smoker,0,1,1,1,1
65.0,Male,38.6,145.0,132.0,315.3,Moderate,Poor,Current Smoker,1,1,1,1,1
47.0,Male,36.7,186.1,144.0,263.9,Moderate,Poor,Former Smoker,0,0,1,1,1
69.0,Male,33.1,146.1,141.7,229.1,Moderate,Average,Non-Smoker,0,0,1,1,1
53.0,Male,28.2,97.6,94.7,193.0,Moderate,Average,Non-Smoker,0,0,0,0,0
47.0,Female,25.7,92.0,116.4,187.2,Active,Good,Non-Smoker,0,0,0,0,0
63.0,Male,37.8,134.8,127.7,236.3,Moderate,Poor,Non-Smoker,0,0,1,0,1
48.0,Male,25.0,99.7,114.4,201.2,Sedentary,Good,Former Smoker,0,0,0,0,1
65.0,Female,28.9,98.7,107.7,155.9,Active,Average,Non-Smoker,0,0,0,0,0
31.0,Male,32.2,197.7,126.3,188.8,Sedentary,Average,Non-Smoker,1,0,1,0,0
57.0,Female,32.8,120.0,128.6,247.5,Moderate,Average,Current Smoker,1,0,1,0,1
52.0,Female,37.8,133.3,145.9,188.3,Sedentary,Poor,Non-Smoker,1,1,1,1,0
52.0,Male,28.0,193.7,133.4,195.2,Moderate,Average,Current Smoker,1,1,1,1,0
64.0,Female,22.0,181.0,149.0,238.1,Moderate,Average,Current Smoker,0,0,1,1,1
51.0,Male,32.7,87.7,107.7,210.1,Moderate,Average,Current Smoker,0,0,0,0,1
36.0,Female,33.5,92.4,114.0,179.9,Moderate,Average,Non-Smoker,0,0,0,0,0
68.0,Male,36.9,245.8,127.6,222.9,Active,Average,Current Smoker,0,1,1,0,1
81.0,Male,43.2,162.6,138.8,175.6,Moderate,Good,Former Smoker,0,0,1,1,0
29.0,Female,19.5,77.3,119.7,205.7,Moderate,Average,Non-Smoker,0,0,0,0,1
62.0,Female,30.1,89.0,105.2,210.3,Active,Average,Non-Smoker,0,0,0,0,1
83.0,Male,39.9,208.1,136.5,244.7,Sedentary,Good,Former Smoker,0,0,1,1,1
46.0,Female,30.5,203.0,121.3,202.2,Moderate,Average,Non-Smoker,1,0,1,0,1
34.0,Female,26.3,88.1,125.3,173.9,Moderate,Good,Non-Smoker,0,0,0,0,0
59.0,Male,22.0,68.0,124.5,209.7,Moderate,Good,Non-Smoker,0,0,0,0,1
42.0,Female,20.1,95.6,119.1,204.2,Active,Poor,Former Smoker,0,0,0,0,1
37.0,Male,29.3,86.0,107.7,187.2,Active,Good,Non-Smoker,0,0,0,0,0
45.0,Male,30.0,181.5,147.6,181.9,Sedentary,Poor,Former Smoker,0,0,1,1,0
60.0,Male,31.7,129.8,140.1,275.2,Moderate,Poor,Non-Smoker,0,0,1,1,1
65.0,Male,21.9,84.6,114.1,208.9,Moderate,Poor,Former Smoker,0,0,0,0,1
71.0,Female,18.9,93.0,108.6,169.9,Active,Average,Current Smoker,0,0,0,0,0
47.0,Female,23.3,100.0,117.0,174.8,Sedentary,Good,Current Smoker,1,0,0,0,0
61.0,Female,37.4,158.9,126.4,249.0,Sedentary,Poor,Current Smoker,1,1,1,0,1
71.0,Male,28.0,200.5,135.4,233.0,Moderate,Poor,Non-Smoker,0,0,1,1,1
60.0,Male,26.0,142.4,116.1,217.7,Sedentary,Good,Current Smoker,0,0,1,0,1
57.0,Male,27.6,80.8,118.1,178.1,Active,Average,Former Smoker,0,0,0,0,0
32.0,Male,26.1,97.5,108.8,213.9,Active,Average,Non-Smoker,0,0,0,0,1
52.0,Female,22.6,99.5,117.4,191.3,Moderate,Poor,Non-Smoker,0,0,0,0,0
49.0,Male,24.5,100.1,125.7,178.7,Active,Good,Current Smoker,1,0,0,0,0
64.0,Male,35.5,118.0,128.5,245.2,Sedentary,Average,Former Smoker,1,0,1,0,1
36.0,Female,33.7,130.2,164.3,259.3,Active,Poor,Non-Smoker,1,0,1,1,1
70.0,Female,22.5,96.4,126.4,161.1,Sedentary,Good,Non-Smoker,1,0,0,0,0
66.0,Male,28.0,161.0,127.5,175.9,Moderate,Poor,Former Smoker,1,0,1,0,0
56.0,Male,24.4,149.7,136.3,175.2,Active,Poor,Former Smoker,0,0,1,1,0
38.0,Female,31.6,139.2,134.9,217.6,Sedentary,Average,Former Smoker,1,1,1,1,1
46.0,Male,29.8,214.5,120.7,200.4,Sedentary,Poor,Non-Smoker,1,0,1,0,1
51.0,Male,32.9,157.9,147.9,257.9,Sedentary,Average,Current Smoker,1,0,1,1,1
44.0,Female,28.0,101.5,112.4,168.8,Moderate,Poor,Former Smoker,0,0,0,0,0
56.0,Male,31.9,170.4,146.0,187.2,Moderate,Poor,Non-Smoker,1,0,1,1,0
58.0,Female,20.4,118.0,111.7,184.3,Active,Good,Current Smoker,0,0,0,0,0
56.0,Female,26.7,179.4,129.1,206.4,Moderate,Poor,Non-Smoker,0,0,1,0,1
52.0,Female,25.2,88.5,112.2,201.5,Active,Good,Non-Smoker,0,0,0,0,1
18.0,Male,26.7,117.0,126.4,157.7,Active,Average,Former Smoker,1,1,0,0,0
21.0,Female,27.1,99.2,117.0,202.3,Moderate,Poor,Former Smoker,0,0,0,0,1
51.0,Male,26.2,102.0,130.8,196.8,Active,Average,Non-Smoker,0,0,0,1,0
44.0,Female,30.9,172.8,148.4,260.1,Moderate,Poor,Non-Smoker,0,0,1,1,1
66.0,Male,36.9,141.6,157.5,196.2,Moderate,Average,Non-Smoker,0,1,1,1,0
51.0,Male,25.2,79.7,115.6,180.7,Active,Average,Current Smoker,0,0,0,0,0
33.0,Female,26.4,78.1,112.5,158.3,Active,Good,Non-Smoker,0,0,0,0,0
66.0,Female,28.0,75.4,104.1,199.1,Sedentary,Poor,Non-Smoker,0,0,0,0,0
53.0,Male,28.0,118.0,125.0,175.3,Moderate,Average,Former Smoker,1,0,1,0,0
53.0,Female,22.0,166.4,112.3,269.8,Sedentary,Average,Former Smoker,0,1,1,0,1
56.0,Male,31.0,206.3,149.1,185.4,Active,Average,Former Smoker,0,0,1,1,0
47.0,Female,20.3,77.5,128.9,173.9,Active,Good,Non-Smoker,0,0,0,0,0
60.0,Female,24.4,161.7,174.1,250.0,Sedentary,Average,Non-Smoker,1,0,1,1,1
40.0,Female,27.4,102.2,121.2,180.1,Moderate,Average,Non-Smoker,0,0,0,0,0
49.0,Male,35.1,118.0,119.6,263.6,Sedentary,Average,Non-Smoker,1,1,1,0,1
57.0,Female,32.7,144.7,145.6,256.3,Sedentary,Poor,Non-Smoker,1,0,1,1,1
52.0,Male,33.9,158.0,130.5,201.3,Sedentary,Average,Former Smoker,1,0,1,1,1
49.0,Male,32.3,220.8,152.8,244.3,Sedentary,Average,Former Smoker,0,1,1,1,1
52.0,Male,31.3,137.7,138.3,158.3,Sedentary,Poor,Non-Smoker,1,0,1,1,0
26.0,Female,28.0,118.0,118.7,129.0,Sedentary,Average,Former Smoker,0,0,0,0,0
53.0,Female,33.7,147.9,152.0,241.9,Moderate,Poor,Non-Smoker,0,0,1,1,1
34.0,Male,22.0,84.0,128.9,217.0,Moderate,Poor,Current Smoker,1,0,0,0,1
76.0,Female,23.5,120.0,163.9,253.0,Sedentary,Poor,Non-Smoker,1,0,1,1,1
58.0,Male,37.0,120.0,108.9,181.9,Moderate,Average,Current Smoker,0,0,1,0,0
31.0,Male,24.2,91.3,106.4,178.2,Moderate,Good,Former Smoker,0,0,0,0,0
49.0,Female,28.0,91.0,106.8,205.3,Moderate,Average,Former Smoker,0,0,0,0,1
59.0,Female,29.7,90.5,109.6,188.7,Moderate,Poor,Non-Smoker,1,1,0,0,0
51.0,Female,30.3,144.2,137.2,194.6,Moderate,Poor,Non-Smoker,0,1,1,1,0
43.0,Male,23.3,93.3,110.6,191.9,Active,Average,Non-Smoker,0,0,0,0,0
61.0,Male,36.4,179.6,153.1,261.5,Sedentary,Poor,Former Smoker,1,0,1,1,1
74.0,Female,37.5,118.0,151.9,190.3,Moderate,Average,Non-Smoker,1,0,1,1,0
53.0,Female,23.5,77.3,100.6,183.7,Moderate,Good,Non-Smoker,0,1,0,0,0
53.0,Male,22.8,98.8,127.8,209.0,Active,Good,Non-Smoker,0,0,0,0,1
66.0,Female,39.2,120.0,146.7,240.1,Moderate,Average,Current Smoker,0,0,1,1,1
63.0,Male,35.7,220.3,156.1,223.9,Sedentary,Average,Non-Smoker,0,0,1,1,1
43.0,Female,30.0,85.7,109.8,205.4,Active,Average,Non-Smoker,1,0,0,0,1
76.0,Female,26.9,98.0,129.4,199.9,Moderate,Good,Non-Smoker,0,0,0,0,0
74.0,Female,24.2,104.9,132.1,144.0,Moderate,Poor,Current Smoker,1,0,0,1,0
32.0,Female,31.0,87.6,121.1,180.9,Moderate,Average,Non-Smoker,0,0,0,0,0
57.0,Female,20.6,95.2,114.7,127.3,Active,Good,Non-Smoker,0,0,0,0,0
31.0,Male,21.2,88.4,123.1,208.3,Moderate,Average,Non-Smoker,0,0,0,0,1
57.0,Female,27.6,74.7,111.9,219.1,Moderate,Good,Non-Smoker,0,1,0,0,1
55.0,Male,26.8,87.8,119.9,178.2,Moderate,Good,Non-Smoker,0,0,0,0,0
47.0,Female,24.4,92.8,122.8,164.7,Sedentary,Good,Non-Smoker,1,0,0,0,0
68.0,Male,37.4,164.8,137.1,213.1,Moderate,Poor,Former Smoker,1,0,1,1,1
51.0,Female,22.9,79.2,126.8,197.6,Active,Good,Current Smoker,0,0,0,0,0
55.0,Female,24.0,82.1,126.6,225.5,Sedentary,Average,Non-Smoker,0,0,0,0,1
59.0,Male,32.8,178.0,123.2,205.8,Moderate,Average,Current Smoker,0,0,1,0,1
76.0,Male,27.0,120.0,144.1,233.4,Sedentary,Poor,Former Smoker,0,0,1,1,1
70.0,Male,26.5,157.8,127.8,246.1,Sedentary,Average,Non-Smoker,0,0,1,0,1
49.0,Male,30.6,120.0,126.1,216.4,Active,Poor,Non-Smoker,0,0,1,0,1
56.0,Male,28.5,86.7,119.9,260.0,Active,Average,Non-Smoker,0,0,0,0,1
30.0,Male,17.5,87.2,111.1,196.0,Moderate,Average,Non-Smoker,0,0,0,0,0
38.0,Male,32.8,80.0,105.8,196.6,Active,Average,Non-Smoker,0,0,0,0,0
44.0,Female,26.9,176.8,139.3,156.3,Moderate,Poor,Former Smoker,1,1,1,1,0
80.0,Male,31.0,143.3,142.6,271.0,Sedentary,Poor,Former Smoker,1,0,1,1,1
62.0,Female,32.3,120.0,159.4,226.2,Moderate,Average,Former Smoker,0,1,1,1,1
47.0,Male,34.7,118.0,133.7,216.1,Moderate,Average,Non-Smoker,1,0,1,1,1
58.0,Male,43.0,210.4,128.2,257.2,Sedentary,Average,Non-Smoker,0,1,1,0,1
39.0,Male,30.9,100.6,116.2,165.8,Sedentary,Good,Non-Smoker,0,0,0,0,0
41.0,Female,29.5,71.9,145.8,139.0,Moderate,Poor,Former Smoker,0,0,0,1,0
44.0,Male,27.7,118.0,104.4,199.9,Active,Average,Former Smoker,0,0,0,0,0
58.0,Female,22.0,88.2,134.8,154.6,Active,Good,Current Smoker,1,0,0,1,0
71.0,Female,32.5,133.1,151.7,281.1,Moderate,Poor,Former Smoker,0,0,1,1,1
36.0,Male,37.4,144.2,136.7,225.2,Active,Good,Non-Smoker,1,0,1,1,1
68.0,Male,33.8,196.2,148.3,220.9,Sedentary,Average,Former Smoker,1,1,1,1,1
51.0,Female,18.4,91.5,120.2,189.2,Moderate,Good,Current Smoker,0,0,0,0,0
58.0,Male,36.6,120.0,130.1,182.4,Active,Poor,Former Smoker,1,0,1,1,0
56.0,Male,45.6,187.9,136.6,270.8,Moderate,Poor,Non-Smoker,1,1,1,1,1
56.0,Male,29.1,68.0,112.5,175.8,Active,Good,Non-Smoker,0,0,0,0,0
58.0,Male,27.1,120.0,137.7,215.2,Sedentary,Average,Former Smoker,1,0,1,1,1
39.0,Male,22.8,90.7,118.4,132.1,Active,Average,Former Smoker,0,0,0,0,0
35.0,Female,28.2,80.2,121.3,180.4,Active,Poor,Former Smoker,0,0,0,0,0
69.0,Male,32.4,174.3,156.8,193.9,Sedentary,Poor,Non-Smoker,1,0,1,1,0
18.0,Male,28.0,101.9,123.9,155.3,Moderate,Good,Non-Smoker,0,0,0,0,0
48.0,Male,28.0,120.0,145.4,238.2,Sedentary,Poor,Former Smoker,1,0,1,1,1
59.0,Female,33.6,72.4,101.2,184.2,Moderate,Average,Non-Smoker,0,0,0,0,0
37.0,Male,30.3,120.0,155.0,241.7,Moderate,Good,Former Smoker,1,0,1,1,1
25.0,Male,17.5,114.8,113.2,181.0,Active,Average,Non-Smoker,0,0,0,0,0
49.0,Male,23.4,84.8,105.2,147.0,Active,Good,Non-Smoker,0,0,0,0,0
59.0,Female,34.2,192.1,113.0,268.3,Moderate,Average,Former Smoker,1,0,1,0,1
44.0,Female,22.0,118.0,121.6,180.6,Moderate,Poor,Former Smoker,0,0,0,0,0
58.0,Female,31.5,164.5,103.0,183.1,Active,Poor,Current Smoker,1,0,1,0,0
48.0,Male,26.0,142.1,146.6,222.1,Moderate,Good,Non-Smoker,1,0,1,1,1
60.0,Female,23.6,90.4,122.7,166.5,Sedentary,Good,Non-Smoker,0,0,0,0,0
36.0,Female,24.6,78.8,109.1,195.8,Active,Good,Non-Smoker,0,1,0,0,0
31.0,Male,25.7,87.1,110.3,212.5,Sedentary,Good,Non-Smoker,0,0,0,0,1
58.0,Male,28.9,79.0,116.7,179.0,Moderate,Average,Non-Smoker,0,0,0,0,0
47.0,Female,19.6,78.8,125.3,219.0,Moderate,Good,Non-Smoker,0,0,0,0,1
26.0,Female,26.5,103.2,101.4,204.4,Active,Good,Non-Smoker,0,0,0,0,1
71.0,Male,33.8,146.7,128.4,145.0,Sedentary,Good,Non-Smoker,0,0,1,0,0
29.0,Female,22.8,96.0,114.4,237.5,Moderate,Average,Non-Smoker,0,0,0,0,1
35.0,Female,21.1,80.5,118.8,201.9,Active,Good,Former Smoker,0,0,0,0,1
35.0,Female,23.9,68.0,127.8,185.9,Active,Average,Former Smoker,0,0,0,0,0
53.0,Male,38.4,120.0,139.4,190.3,Sedentary,Poor,Current Smoker,0,1,1,1,0
51.0,Female,36.0,159.6,125.3,252.6,Sedentary,Average,Current Smoker,0,0,1,1,1
36.0,Male,29.3,69.6,123.9,226.1,Moderate,Average,Non-Smoker,0,0,0,0,1
45.0,Female,23.7,100.4,105.7,231.1,Moderate,Poor,Former Smoker,0,0,0,0,1
83.0,Male,39.3,170.2,123.9,230.1,Sedentary,Average,Current Smoker,0,0,1,0,1
73.0,Female,40.7,133.1,141.3,146.4,Moderate,Poor,Current Smoker,0,1,1,1,0
68.0,Female,40.6,129.1,132.6,234.9,Moderate,Poor,Current Smoker,1,0,1,1,1
79.0,Male,36.7,169.7,121.3,207.9,Moderate,Poor,Current Smoker,0,0,1,0,1
55.0,Female,29.3,205.9,144.2,265.9,Moderate,Poor,Non-Smoker,1,0,1,1,1
83.0,Male,41.7,154.8,129.4,166.2,Moderate,Good,Non-Smoker,0,0,1,0,0
52.0,Male,24.9,82.1,125.0,155.5,Sedentary,Average,Non-Smoker,1,0,0,0,0
46.0,Male,31.5,120.0,117.4,219.9,Moderate,Poor,Former Smoker,0,0,1,0,1
36.0,Female,28.2,102.5,98.1,185.4,Active,Good,Non-Smoker,1,1,0,0,0
63.0,Male,41.7,137.5,131.5,222.0,Moderate,Poor,Non-Smoker,1,0,1,1,1
46.0,Male,25.7,174.0,144.0,317.3,Sedentary,Good,Former Smoker,0,1,1,1,1
46.0,Female,29.7,167.6,172.0,285.8,Moderate,Average,Former Smoker,0,1,1,1,1
75.0,Female,30.4,174.3,144.7,232.8,Moderate,Average,Former Smoker,0,0,1,1,1
69.0,Male,22.2,92.6,113.2,209.2,Moderate,Good,Non-Smoker,0,0,0,0,1
38.0,Female,32.9,120.0,137.0,233.7,Active,Average,Non-Smoker,1,0,1,1,1
47.0,Female,29.9,98.4,121.6,159.8,Sedentary,Average,Non-Smoker,0,0,0,0,0
82.0,Female,27.4,162.2,146.6,243.9,Sedentary,Average,Former Smoker,0,1,1,1,1
36.0,Male,41.1,151.3,147.3,229.9,Sedentary,Poor,Current Smoker,1,1,1,1,1
46.0,Female,24.7,94.6,104.4,216.9,Active,Good,Non-Smoker,0,0,0,0,1
66.0,Female,25.3,160.2,128.5,184.1,Active,Poor,Non-Smoker,0,1,1,0,0
59.0,Male,27.4,200.9,160.5,221.4,Sedentary,Average,Current Smoker,1,1,1,1,1
56.0,Female,40.4,199.4,139.9,207.0,Active,Poor,Former Smoker,0,0,1,1,1
46.0,Male,30.5,171.9,141.4,240.7,Sedentary,Average,Non-Smoker,1,1,1,1,1
24.0,Male,34.8,171.3,144.7,228.9,Sedentary,Average,Non-Smoker,1,0,1,1,1
30.0,Male,28.0,94.2,115.1,194.4,Sedentary,Good,Non-Smoker,0,0,0,0,0
38.0,Male,32.4,118.0,136.5,239.1,Sedentary,Good,Former Smoker,0,1,1,1,1
65.0,Female,33.3,173.2,124.7,248.1,Moderate,Poor,Current Smoker,1,0,1,0,1
51.0,Male,27.7,148.9,160.0,223.5,Sedentary,Poor,Former Smoker,1,0,1,1,1
41.0,Female,21.7,97.5,119.9,182.9,Active,Good,Non-Smoker,0,0,0,0,0
62.0,Male,28.6,130.1,107.0,256.7,Sedentary,Good,Non-Smoker,0,1,1,0,1
37.0,Male,25.1,85.2,119.2,177.4,Moderate,Good,Former Smoker,0,0,0,0,0
18.0,Male,28.1,113.5,105.6,178.0,Active,Average,Non-Smoker,0,0,0,0,0
54.0,Female,31.1,134.8,134.4,168.4,Moderate,Average,Former Smoker,1,0,1,1,0
69.0,Female,32.4,164.7,144.8,263.4,Moderate,Average,Former Smoker,0,0,1,1,1
50.0,Female,23.2,107.2,113.7,148.6,Active,Good,Current Smoker,0,0,0,0,0
64.0,Female,25.5,202.0,138.7,198.9,Moderate,Average,Non-Smoker,1,0,1,1,0
51.0,Male,22.0,127.9,126.4,219.8,Moderate,Average,Former Smoker,0,1,1,0,1
48.0,Male,24.8,91.9,116.9,174.8,Active,Good,Non-Smoker,0,0,0,0,0
43.0,Male,37.7,190.8,156.1,199.2,Active,Average,Former Smoker,0,1,1,1,0
34.0,Male,26.0,93.4,90.0,170.1,Active,Good,Former Smoker,0,0,0,0,0
58.0,Female,36.4,199.5,125.3,272.5,Sedentary,Poor,Former Smoker,1,0,1,0,1
75.0,Female,31.0,120.0,140.5,250.6,Active,Average,Former Smoker,1,0,1,1,1
30.0,Male,30.2,97.1,115.6,177.7,Active,Average,Current Smoker,0,0,0,0,0
68.0,Male,33.8,139.5,162.0,157.6,Moderate,Average,Non-Smoker,0,0,1,1,0
57.0,Female,28.8,100.2,121.0,163.7,Active,Good,Non-Smoker,0,0,0,0,0
30.0,Female,28.0,99.6,117.1,206.3,Moderate,Good,Non-Smoker,0,0,0,0,1
37.0,Male,23.0,80.4,108.4,184.3,Moderate,Good,Non-Smoker,0,0,0,0,0
29.0,Male,22.1,83.1,118.0,157.5,Sedentary,Good,Non-Smoker,0,0,0,0,0
44.0,Female,22.8,91.9,106.0,172.1,Moderate,Good,Non-Smoker,0,0,0,0,0
53.0,Female,30.0,134.3,140.4,179.1,Sedentary,Poor,Current Smoker,1,0,1,1,0
52.0,Female,29.9,158.2,173.6,216.6,Moderate,Average,Former Smoker,1,0,1,1,1
42.0,Male,28.0,75.0,119.8,177.1,Active,Good,Former Smoker,1,0,0,0,0
60.0,Male,31.8,122.7,129.8,247.6,Moderate,Average,Current Smoker,1,1,1,0,1
47.0,Female,28.0,114.2,131.7,224.0,Moderate,Average,Current Smoker,0,0,0,1,1
60.0,Male,30.9,149.9,135.1,286.8,Moderate,Poor,Current Smoker,0,1,1,1,1
68.0,Male,28.9,174.6,151.5,222.8,Sedentary,Poor,Non-Smoker,1,0,1,1,1
43.0,Male,29.3,90.4,125.3,187.7,Moderate,Poor,Non-Smoker,1,0,0,1,0
62.0,Male,36.0,137.0,180.5,192.7,Active,Good,Current Smoker,0,0,1,1,0
38.0,Male,21.0,96.5,126.3,201.9,Active,Good,Non-Smoker,0,0,0,0,1
53.0,Male,28.0,120.0,154.1,236.5,Moderate,Poor,Former Smoker,1,0,1,1,1
34.0,Male,26.0,126.8,141.7,184.9,Sedentary,Poor,Former Smoker,0,0,1,1,0
64.0,Female,32.6,120.0,150.5,230.5,Moderate,Average,Former Smoker,1,0,1,1,1
26.0,Female,23.9,94.8,124.5,138.1,Sedentary,Good,Non-Smoker,0,0,0,0,0
66.0,Female,40.0,118.0,122.2,289.8,Active,Average,Current Smoker,0,0,1,0,1
39.0,Male,29.3,118.0,138.2,170.4,Sedentary,Average,Former Smoker,0,0,0,1,0
37.0,Male,26.1,82.4,110.1,185.8,Moderate,Average,Non-Smoker,0,0,0,0,0
53.0,Male,29.7,190.8,107.8,198.7,Moderate,Average,Former Smoker,0,0,1,0,0
54.0,Male,39.3,207.7,145.7,232.1,Active,Poor,Current Smoker,0,0,1,1,1
60.0,Male,26.7,140.4,132.8,198.7,Moderate,Average,Former Smoker,0,0,1,1,0
66.0,Female,36.2,154.1,152.3,226.6,Moderate,Good,Current Smoker,1,0,1,1,1
56.0,Female,30.9,147.0,117.1,219.8,Active,Poor,Former Smoker,1,0,1,0,1
54.0,Female,37.3,171.8,134.8,229.3,Sedentary,Average,Non-Smoker,1,0,1,1,1
47.0,Female,35.3,187.1,131.6,290.2,Moderate,Poor,Former Smoker,1,0,1,1,1
63.0,Female,30.9,209.7,144.6,182.7,Moderate,Average,Non-Smoker,1,0,1,1,0
39.0,Male,31.5,128.2,145.7,195.3,Moderate,Poor,Non-Smoker,0,0,1,1,0
63.0,Female,29.9,118.0,143.4,263.5,Active,Average,Former Smoker,0,0,1,1,1
30.0,Male,21.6,115.5,135.5,211.7,Moderate,Good,Non-Smoker,1,0,0,1,1
51.0,Male,20.5,83.8,119.8,176.5,Moderate,Average,Non-Smoker,1,0,0,0,0
51.0,Male,31.2,176.1,142.1,257.5,Moderate,Poor,Non-Smoker,0,0,1,1,1
61.0,Female,28.0,152.2,155.7,189.8,Active,Average,Non-Smoker,0,0,1,1,0
50.0,Female,25.6,79.4,119.5,178.2,Moderate,Poor,Former Smoker,0,0,0,0,0
59.0,Female,37.3,171.1,122.5,206.6,Moderate,Average,Non-Smoker,1,0,1,0,1
41.0,Male,31.0,85.2,132.3,214.9,Active,Average,Former Smoker,1,0,0,1,1
59.0,Male,21.8,75.5,118.5,207.3,Active,Poor,Former Smoker,0,0,0,0,1
49.0,Male,31.1,175.8,133.4,241.8,Sedentary,Poor,Non-Smoker,0,0,1,1,1
45.0,Female,20.2,104.9,109.7,210.5,Active,Poor,Non-Smoker,0,0,0,0,1
46.0,Male,28.1,70.2,125.3,222.2,Active,Good,Non-Smoker,0,0,0,0,1
56.0,Male,25.9,145.7,125.3,268.9,Sedentary,Average,Current Smoker,0,0,1,1,1
48.0,Male,24.1,93.3,120.7,199.8,Active,Good,Current Smoker,0,1,0,0,0
55.0,Male,34.0,165.6,138.9,289.3,Sedentary,Average,Non-Smoker,1,0,1,1,1
55.0,Female,35.3,144.7,127.4,240.9,Sedentary,Good,Non-Smoker,0,0,1,0,1
56.0,Female,28.1,82.4,115.9,200.6,Active,Average,Non-Smoker,0,0,0,0,1
50.0,Male,34.6,181.0,176.3,206.4,Sedentary,Average,Non-Smoker,1,0,1,1,1
35.0,Female,17.5,105.7,115.2,157.5,Active,Poor,Non-Smoker,0,0,0,0,0
46.0,Male,22.8,100.7,125.3,212.4,Moderate,Good,Former Smoker,0,0,0,0,1
52.0,Female,27.2,74.2,124.0,226.7,Sedentary,Average,Former Smoker,0,0,0,0,1
71.0,Female,28.0,174.4,108.4,276.4,Moderate,Average,Non-Smoker,0,0,1,0,1
56.0,Male,35.1,118.0,137.7,213.2,Active,Poor,Non-Smoker,0,0,1,1,1
58.0,Male,32.7,180.1,104.6,201.8,Sedentary,Poor,Former Smoker,0,0,1,0,1
37.0,Male,25.7,85.1,113.0,216.6,Moderate,Average,Non-Smoker,0,0,0,0,1
65.0,Female,25.8,150.1,143.6,216.5,Sedentary,Average,Non-Smoker,1,0,1,1,1
61.0,Female,33.5,210.2,155.6,209.4,Sedentary,Poor,Current Smoker,1,0,1,1,1
47.0,Male,20.8,77.5,114.3,177.0,Moderate,Good,Non-Smoker,0,0,0,0,0
68.0,Female,34.9,137.6,141.0,246.5,Active,Good,Former Smoker,1,0,1,1,1
65.0,Male,24.5,128.3,121.6,196.0,Sedentary,Good,Non-Smoker,1,1,1,0,0
56.0,Female,30.3,211.2,132.1,220.0,Moderate,Average,Former Smoker,1,0,1,1,1
49.0,Female,31.8,185.7,111.4,184.2,Moderate,Average,Current Smoker,1,0,1,0,0
53.0,Male,23.8,82.4,120.0,195.9,Moderate,Good,Non-Smoker,0,0,0,0,0
66.0,Female,34.7,180.5,145.2,257.7,Sedentary,Average,Non-Smoker,0,0,1,1,1
46.0,Male,24.5,90.3,124.6,168.3,Moderate,Good,Current Smoker,0,0,0,0,0
35.0,Male,21.6,89.4,115.7,219.0,Active,Good,Non-Smoker,1,0,0,0,1
62.0,Male,27.2,137.9,127.8,272.5,Sedentary,Poor,Current Smoker,0,0,1,0,1
66.0,Female,32.0,130.7,146.7,145.0,Sedentary,Average,Former Smoker,0,0,1,1,0
53.0,Female,35.4,130.0,147.1,221.6,Sedentary,Average,Former Smoker,0,0,1,1,1
55.0,Male,34.7,187.2,137.5,252.9,Active,Poor,Current Smoker,0,0,1,1,1
63.0,Male,28.3,120.0,133.7,249.5,Sedentary,Poor,Non-Smoker,1,0,1,1,1
58.0,Female,28.1,170.3,132.4,145.0,Moderate,Average,Current Smoker,1,0,1,1,0
39.0,Female,26.5,148.2,113.7,232.3,Moderate,Poor,Former Smoker,1,1,1,0,1
45.0,Male,20.7,103.5,131.2,236.1,Active,Good,Non-Smoker,0,0,0,1,1
40.0,Male,35.7,99.2,112.4,160.8,Active,Good,Non-Smoker,1,0,0,0,0
52.0,Male,35.3,156.4,124.9,205.9,Active,Average,Non-Smoker,1,1,1,0,1
46.0,Female,25.3,87.7,121.1,170.1,Sedentary,Good,Former Smoker,0,0,0,0,0
44.0,Female,19.5,100.8,117.4,174.0,Active,Good,Former Smoker,0,0,0,0,0
33.0,Female,27.9,120.0,118.8,212.9,Moderate,Poor,Current Smoker,0,1,1,0,1
54.0,Male,39.4,158.8,139.2,224.6,Moderate,Poor,Current Smoker,0,0,1,1,1
67.0,Female,24.3,118.0,147.7,232.6,Sedentary,Average,Former Smoker,0,0,1,1,1
63.0,Female,27.5,118.0,134.2,218.0,Sedentary,Good,Non-Smoker,1,1,1,1,1
25.0,Male,25.6,79.8,100.2,191.0,Sedentary,Average,Former Smoker,0,0,0,0,0
52.0,Female,31.1,189.9,139.3,224.9,Moderate,Average,Non-Smoker,1,0,1,1,1
41.0,Female,26.9,68.0,136.3,153.6,Active,Good,Former Smoker,0,0,0,1,0
51.0,Male,29.8,158.9,147.5,213.9,Sedentary,Good,Non-Smoker,0,1,1,1,1
49.0,Female,40.7,178.2,132.1,226.4,Sedentary,Average,Non-Smoker,0,0,1,1,1
33.0,Male,24.2,101.7,108.3,167.5,Moderate,Average,Non-Smoker,0,0,0,0,0
46.0,Female,30.0,173.0,150.2,218.0,Sedentary,Good,Former Smoker,0,0,1,1,1
35.0,Male,24.6,74.0,111.0,178.9,Moderate,Poor,Former Smoker,0,0,0,0,0
49.0,Male,29.1,168.2,115.8,275.1,Sedentary,Good,Current Smoker,1,1,1,0,1
60.0,Male,42.6,183.4,136.0,190.2,Sedentary,Average,Current Smoker,0,0,1,1,0
75.0,Female,30.0,201.9,114.2,276.9,Sedentary,Poor,Current Smoker,1,0,1,0,1
37.0,Male,28.7,68.0,108.6,167.4,Active,Good,Former Smoker,0,0,0,0,0
47.0,Male,29.2,97.1,117.6,146.3,Active,Average,Non-Smoker,0,0,0,0,0
55.0,Male,32.7,127.9,147.8,209.7,Sedentary,Poor,Non-Smoker,1,0,1,1,1
58.0,Female,28.5,196.9,138.4,239.9,Moderate,Poor,Former Smoker,0,0,1,1,1
47.0,Female,27.9,145.2,132.0,184.4,Active,Good,Former Smoker,0,0,1,1,0
55.0,Female,36.0,120.0,145.8,267.1,Sedentary,Average,Former Smoker,1,0,1,1,1
62.0,Female,30.4,197.6,121.0,192.3,Sedentary,Poor,Former Smoker,0,0,1,0,0
50.0,Female,27.4,107.1,117.6,206.1,Moderate,Good,Non-Smoker,0,0,0,0,1
45.0,Male,21.0,94.9,103.3,145.2,Active,Average,Non-Smoker,0,0,0,0,0
60.0,Female,21.1,105.6,90.0,171.9,Moderate,Good,Non-Smoker,0,0,0,0,0
72.0,Male,26.7,211.0,150.5,281.1,Moderate,Average,Current Smoker,0,0,1,1,1
69.0,Female,35.9,118.0,138.7,232.5,Sedentary,Poor,Non-Smoker,0,1,1,1,1
55.0,Male,34.8,123.4,140.2,224.1,Sedentary,Average,Non-Smoker,1,1,1,1,1
31.0,Female,21.9,88.6,102.3,150.1,Active,Average,Current Smoker,0,0,0,0,0
61.0,Male,36.3,128.2,127.8,188.4,Sedentary,Good,Non-Smoker,0,0,1,0,0
31.0,Female,18.1,97.7,95.2,177.1,Active,Good,Non-Smoker,0,1,0,0,0
61.0,Female,30.3,230.8,150.5,200.5,Sedentary,Poor,Current Smoker,0,1,1,1,1
51.0,Female,40.6,144.4,142.2,184.5,Active,Good,Non-Smoker,0,0,1,1,0
50.0,Female,20.6,102.4,128.9,221.8,Moderate,Average,Non-Smoker,1,0,0,0,1
38.0,Female,22.4,99.2,98.4,146.1,Sedentary,Average,Non-Smoker,0,0,0,0,0
53.0,Female,36.4,118.0,136.1,229.9,Sedentary,Average,Former Smoker,0,0,1,1,1
67.0,Female,36.0,167.7,140.9,205.8,Sedentary,Average,Current Smoker,1,0,1,1,1
55.0,Male,25.6,95.3,91.8,199.7,Sedentary,Good,Non-Smoker,0,0,0,0,0
77.0,Female,38.3,153.9,150.2,221.1,Sedentary,Poor,Former Smoker,1,0,1,1,1
57.0,Male,28.4,148.9,121.4,208.1,Sedentary,Average,Current Smoker,1,1,1,0,1
25.0,Female,24.9,75.7,106.1,139.8,Active,Average,Former Smoker,0,0,0,0,0
42.0,Male,24.6,88.6,109.4,137.1,Active,Average,Former Smoker,0,0,0,0,0
29.0,Female,24.3,99.2,129.6,200.9,Moderate,Good,Current Smoker,0,0,0,0,1
49.0,Female,33.5,188.6,145.1,244.5,Moderate,Good,Current Smoker,1,0,1,1,1
55.0,Male,39.5,197.6,146.0,244.1,Active,Average,Non-Smoker,1,0,1,1,1
50.0,Male,18.6,87.3,114.4,168.9,Sedentary,Good,Former Smoker,0,0,0,0,0
72.0,Male,34.4,174.2,146.2,247.9,Moderate,Average,Current Smoker,0,0,1,1,1
45.0,Female,29.2,79.9,125.7,177.6,Sedentary,Poor,Former Smoker,0,0,0,0,0
21.0,Female,23.6,89.0,125.3,182.2,Sedentary,Good,Former Smoker,0,0,0,0,0
37.0,Female,28.1,83.7,109.9,199.2,Active,Good,Non-Smoker,0,0,0,0,0
54.0,Male,24.2,80.2,119.8,213.3,Active,Average,Former Smoker,1,0,0,0,1
62.0,Male,28.0,142.4,134.2,315.9,Moderate,Poor,Former Smoker,0,0,1,1,1
53.0,Male,41.1,211.6,134.1,221.8,Moderate,Good,Non-Smoker,1,0,1,1,1
36.0,Female,29.7,105.8,128.7,192.5,Moderate,Average,Non-Smoker,0,0,0,0,0
83.0,Male,31.5,184.8,126.2,240.5,Sedentary,Poor,Current Smoker,1,0,1,0,1
59.0,Male,35.1,154.2,141.3,164.9,Moderate,Good,Non-Smoker,0,0,1,1,0
53.0,Female,24.6,135.0,131.6,254.2,Sedentary,Average,Current Smoker,1,0,1,1,1
62.0,Male,21.4,104.0,120.9,177.7,Active,Good,Former Smoker,0,0,0,0,0
59.0,Female,24.5,147.1,131.2,278.4,Active,Good,Non-Smoker,1,1,1,1,1
48.0,Male,24.9,91.8,134.8,135.9,Sedentary,Average,Former Smoker,0,0,0,1,0
27.0,Female,17.5,92.0,113.4,231.6,Moderate,Average,Non-Smoker,0,1,0,0,1
36.0,Female,29.0,101.7,114.6,157.2,Active,Good,Non-Smoker,0,1,0,0,0
23.0,Female,29.2,105.4,119.0,223.0,Active,Poor,Non-Smoker,0,0,0,0,1
55.0,Male,25.9,120.0,120.7,234.3,Sedentary,Poor,Current Smoker,1,0,1,0,1
56.0,Male,25.8,118.0,139.5,189.2,Moderate,Average,Current Smoker,0,0,0,1,0
28.0,Female,24.9,105.5,116.6,148.5,Moderate,Poor,Non-Smoker,0,0,0,0,0
40.0,Male,27.9,100.2,106.3,215.9,Moderate,Good,Non-Smoker,0,0,0,0,1
56.0,Male,35.8,165.0,122.9,176.0,Sedentary,Poor,Former Smoker,0,0,1,0,0
65.0,Female,25.4,87.3,114.2,188.4,Moderate,Poor,Non-Smoker,0,0,0,0,0
18.0,Female,25.5,93.7,147.3,200.8,Moderate,Good,Former Smoker,0,0,0,1,1
53.0,Male,41.8,179.2,117.5,217.4,Sedentary,Average,Current Smoker,0,0,1,0,1
55.0,Female,22.4,84.6,114.6,176.3,Sedentary,Good,Non-Smoker,0,0,0,0,0
41.0,Male,23.2,106.0,123.9,172.7,Active,Good,Non-Smoker,1,0,0,0,0
44.0,Male,22.3,93.1,120.0,184.6,Moderate,Good,Non-Smoker,0,0,0,0,0
47.0,Female,17.5,100.7,125.3,208.7,Active,Average,Non-Smoker,0,0,0,1,1
34.0,Female,24.5,103.1,103.4,215.7,Active,Good,Non-Smoker,0,0,0,0,1
20.0,Male,26.4,98.5,99.5,227.4,Active,Average,Non-Smoker,0,0,0,0,1
51.0,Male,27.4,93.0,104.3,176.7,Moderate,Average,Non-Smoker,0,0,0,0,0
69.0,Female,41.3,120.0,149.7,220.8,Moderate,Poor,Current Smoker,1,0,1,1,1
18.0,Female,21.9,110.6,126.6,196.5,Active,Good,Non-Smoker,0,0,0,0,0
67.0,Male,29.8,120.0,107.5,244.7,Sedentary,Average,Non-Smoker,0,0,1,0,1
50.0,Female,33.5,152.5,155.7,215.3,Sedentary,Average,Non-Smoker,1,1,1,1,1
70.0,Female,24.5,70.2,122.8,171.2,Active,Poor,Former Smoker,0,0,0,0,0
31.0,Male,27.8,118.0,124.8,232.7,Sedentary,Average,Non-Smoker,1,0,0,0,1
53.0,Male,31.4,196.9,141.5,247.0,Sedentary,Poor,Former Smoker,0,1,1,1,1
47.0,Female,37.1,120.0,131.0,230.3,Moderate,Poor,Current Smoker,0,0,1,1,1
75.0,Male,32.1,167.0,125.3,189.0,Active,Poor,Non-Smoker,1,0,1,1,0
62.0,Male,43.0,120.0,125.3,224.3,Active,Average,Non-Smoker,0,1,1,1,1
57.0,Female,26.7,162.5,137.1,223.7,Sedentary,Poor,Current Smoker,1,0,1,1,1
44.0,Male,29.3,225.6,135.8,254.1,Moderate,Average,Non-Smoker,0,1,1,1,1
49.0,Male,29.5,183.7,116.6,251.4,Moderate,Average,Non-Smoker,0,0,1,0,1
48.0,Male,24.4,134.7,136.7,268.6,Sedentary,Average,Non-Smoker,1,0,1,1,1
59.0,Female,32.3,131.5,141.0,205.8,Sedentary,Poor,Non-Smoker,1,0,1,1,1
31.0,Male,26.3,106.8,128.4,170.1,Sedentary,Average,Non-Smoker,1,0,0,0,0
69.0,Female,24.3,80.3,111.8,204.1,Moderate,Good,Non-Smoker,0,0,0,0,1
40.0,Male,34.7,131.2,150.2,227.6,Sedentary,Poor,Current Smoker,1,0,1,1,1
70.0,Male,26.0,79.7,127.8,186.9,Moderate,Good,Non-Smoker,0,0,0,0,0
67.0,Female,35.8,184.1,136.6,172.7,Moderate,Poor,Former Smoker,0,0,1,1,0
47.0,Male,21.2,94.9,105.6,246.4,Active,Good,Current Smoker,0,0,0,0,1
18.0,Female,21.3,117.0,105.0,140.6,Moderate,Good,Non-Smoker,1,0,0,0,0
69.0,Female,31.2,183.2,161.6,223.7,Active,Good,Former Smoker,1,0,1,1,1
63.0,Male,33.0,128.0,138.7,282.7,Sedentary,Poor,Non-Smoker,0,0,1,1,1
56.0,Male,25.6,93.0,113.7,193.0,Moderate,Average,Non-Smoker,1,0,0,0,0
48.0,Female,34.9,223.4,140.3,185.7,Active,Poor,Non-Smoker,0,0,1,1,0
45.0,Male,26.7,90.1,108.9,128.7,Sedentary,Average,Former Smoker,0,0,0,0,0
43.0,Male,23.2,78.1,134.2,177.6,Moderate,Good,Non-Smoker,0,0,0,1,0
77.0,Female,37.0,121.0,127.1,210.8,Moderate,Average,Former Smoker,1,1,1,0,1
59.0,Male,33.1,151.2,148.2,240.3,Moderate,Average,Current Smoker,1,0,1,1,1
57.0,Female,34.8,120.0,131.3,248.9,Sedentary,Average,Current Smoker,1,0,1,1,1
32.0,Male,28.8,86.6,118.0,192.2,Active,Poor,Current Smoker,0,0,0,0,0
75.0,Male,23.7,95.8,123.7,202.8,Active,Poor,Non-Smoker,0,0,0,0,1
70.0,Male,27.9,118.0,125.3,187.3,Sedentary,Average,Current Smoker,0,0,1,1,0
61.0,Female,23.5,89.7,109.3,162.0,Active,Average,Non-Smoker,1,0,0,0,0
63.0,Male,27.2,120.0,151.8,196.6,Sedentary,Average,Former Smoker,1,0,1,1,0
70.0,Female,28.3,120.0,152.5,196.9,Sedentary,Poor,Non-Smoker,0,0,1,1,0
67.0,Female,36.1,146.9,136.9,209.6,Sedentary,Poor,Current Smoker,1,0,1,1,1
62.0,Male,27.5,220.5,118.0,174.6,Active,Poor,Former Smoker,0,0,1,0,0
60.0,Female,36.8,162.6,145.4,185.8,Moderate,Average,Non-Smoker,1,0,1,1,0
33.0,Female,27.8,70.3,130.8,158.5,Moderate,Good,Former Smoker,0,0,0,1,0
49.0,Female,27.2,93.9,107.8,191.6,Moderate,Poor,Non-Smoker,0,0,0,0,0
73.0,Male,37.3,161.5,127.0,251.5,Sedentary,Average,Non-Smoker,1,1,1,0,1
60.0,Male,39.7,127.7,135.7,300.6,Sedentary,Average,Former Smoker,0,0,1,1,1
71.0,Male,40.1,156.3,128.1,236.2,Moderate,Average,Current Smoker,0,0,1,0,1
57.0,Male,30.6,172.9,120.5,257.5,Moderate,Average,Current Smoker,1,0,1,0,1
59.0,Male,39.6,130.7,102.0,178.6,Active,Average,Non-Smoker,0,0,1,0,0
38.0,Female,31.2,79.1,116.2,171.1,Sedentary,Good,Non-Smoker,1,0,0,0,0
41.0,Male,27.7,88.1,107.0,189.6,Sedentary,Good,Non-Smoker,0,0,0,0,0
45.0,Male,26.3,76.7,120.8,140.3,Active,Average,Former Smoker,1,0,0,0,0
40.0,Female,17.5,97.0,123.0,223.3,Active,Poor,Current Smoker,0,0,0,0,1
37.0,Male,27.5,118.0,116.6,166.2,Active,Good,Non-Smoker,1,0,0,0,0
39.0,Female,20.3,102.8,138.3,216.0,Moderate,Average,Former Smoker,0,0,0,1,1
46.0,Female,35.4,158.9,153.3,238.9,Sedentary,Average,Non-Smoker,0,0,1,1,1
54.0,Male,17.8,82.8,104.4,216.1,Active,Average,Non-Smoker,0,0,0,0,1
53.0,Female,33.4,132.0,150.1,184.1,Sedentary,Poor,Current Smoker,0,0,1,1,0
49.0,Female,27.5,89.2,109.1,222.4,Moderate,Average,Non-Smoker,1,0,0,0,1
63.0,Female,26.2,74.6,110.1,182.7,Moderate,Good,Non-Smoker,0,0,0,0,0
19.0,Male,24.2,90.8,95.2,182.0,Active,Good,Non-Smoker,0,0,0,0,0
41.0,Female,28.0,94.1,125.2,206.7,Active,Good,Non-Smoker,0,0,0,0,1
57.0,Male,27.5,107.8,125.5,171.3,Moderate,Average,Non-Smoker,0,0,0,0,0
26.0,Female,28.0,118.0,111.7,184.2,Active,Good,Former Smoker,0,0,0,0,0
54.0,Female,28.0,94.8,110.4,202.8,Active,Good,Non-Smoker,1,0,0,0,1
62.0,Male,29.8,146.5,119.8,270.9,Moderate,Average,Current Smoker,1,0,1,0,1
76.0,Female,19.6,103.6,95.8,198.6,Moderate,Average,Non-Smoker,0,0,0,0,0
48.0,Female,29.9,123.4,132.5,253.3,Sedentary,Poor,Non-Smoker,0,0,1,1,1
66.0,Female,25.5,77.7,125.6,206.1,Moderate,Good,Non-Smoker,0,0,0,0,1
60.0,Female,30.9,163.7,126.9,210.0,Active,Good,Non-Smoker,1,0,1,0,1
46.0,Female,17.5,68.0,120.8,180.0,Moderate,Average,Non-Smoker,0,0,0,0,0
63.0,Female,17.7,76.1,120.0,192.7,Active,Good,Non-Smoker,0,1,0,0,0
32.0,Male,29.3,80.7,124.7,208.9,Active,Average,Former Smoker,0,0,0,0,1
59.0,Female,20.3,80.0,131.5,129.8,Sedentary,Poor,Current Smoker,0,0,0,1,0
70.0,Female,24.0,90.9,116.2,179.9,Moderate,Good,Former Smoker,0,0,0,0,0
62.0,Male,32.2,148.5,160.9,247.6,Active,Average,Non-Smoker,0,0,1,1,1
56.0,Male,27.5,97.3,122.8,196.2,Active,Average,Former Smoker,1,0,0,0,0
40.0,Male,23.6,153.6,117.6,162.9,Moderate,Average,Current Smoker,0,0,1,0,0
59.0,Male,31.1,169.9,183.1,274.3,Active,Good,Non-Smoker,1,0,1,1,1
42.0,Female,24.1,118.0,133.7,171.1,Active,Average,Non-Smoker,1,1,0,1,0
68.0,Female,28.0,153.8,151.1,211.5,Moderate,Good,Non-Smoker,0,1,1,1,1
44.0,Male,28.9,172.7,148.1,189.8,Sedentary,Average,Non-Smoker,0,0,1,1,0
59.0,Male,32.6,194.9,142.9,247.1,Sedentary,Poor,Non-Smoker,0,0,1,1,1
56.0,Female,33.0,155.2,117.5,172.2,Active,Poor,Non-Smoker,1,0,1,0,0
18.0,Female,26.7,81.9,116.2,151.0,Active,Average,Non-Smoker,0,0,0,0,0
41.0,Male,29.4,178.4,127.0,200.7,Active,Poor,Non-Smoker,1,0,1,0,1
57.0,Male,45.2,165.0,161.4,286.7,Sedentary,Poor,Non-Smoker,0,0,1,1,1
58.0,Female,35.1,162.1,129.5,228.8,Sedentary,Good,Current Smoker,0,0,1,0,1
52.0,Female,25.8,104.8,138.8,244.3,Active,Good,Non-Smoker,0,0,0,1,1
63.0,Female,22.0,136.4,139.7,237.1,Sedentary,Average,Non-Smoker,1,0,1,1,1
41.0,Male,26.9,89.9,115.4,171.8,Moderate,Good,Current Smoker,1,1,0,0,0
55.0,Male,38.6,120.0,155.6,218.9,Sedentary,Poor,Current Smoker,1,0,1,1,1
68.0,Female,34.3,252.2,118.0,154.1,Moderate,Poor,Former Smoker,1,0,1,0,0
63.0,Female,29.8,98.5,117.3,166.9,Moderate,Average,Former Smoker,0,0,0,0,0
62.0,Female,27.2,97.1,100.5,184.9,Active,Good,Current Smoker,0,0,0,0,0
67.0,Female,36.2,180.0,120.8,244.3,Moderate,Average,Non-Smoker,0,0,1,0,1
37.0,Female,25.9,75.0,111.3,198.4,Active,Good,Non-Smoker,0,0,0,0,0
54.0,Female,30.8,145.5,129.5,198.8,Active,Poor,Former Smoker,1,1,1,0,0
18.0,Male,23.3,83.4,119.7,175.5,Active,Good,Former Smoker,0,0,0,0,0
34.0,Male,21.5,103.2,120.1,213.3,Active,Poor,Non-Smoker,0,0,0,0,1
40.0,Male,24.0,112.8,147.4,183.2,Moderate,Good,Former Smoker,0,0,0,1,0
62.0,Male,30.1,152.2,133.7,241.4,Sedentary,Poor,Former Smoker,1,0,1,1,1
46.0,Male,27.4,70.8,97.7,185.1,Active,Good,Former Smoker,0,0,0,0,0
38.0,Male,26.6,83.0,125.3,178.9,Active,Average,Non-Smoker,0,0,0,0,0
32.0,Female,31.0,99.3,116.8,203.1,Sedentary,Average,Non-Smoker,1,0,0,0,1
33.0,Male,26.0,82.1,125.7,183.8,Moderate,Average,Non-Smoker,0,0,0,0,0
50.0,Male,35.0,138.8,134.9,237.2,Sedentary,Average,Former Smoker,0,1,1,1,1
65.0,Female,37.7,194.2,119.3,212.3,Moderate,Average,Current Smoker,1,0,1,0,1
34.0,Male,23.0,135.7,118.0,209.2,Sedentary,Poor,Former Smoker,0,0,1,0,1
36.0,Male,23.8,76.7,97.7,214.7,Moderate,Average,Non-Smoker,0,0,0,0,1
65.0,Male,26.9,118.0,129.5,221.6,Sedentary,Poor,Non-Smoker,1,0,1,0,1
69.0,Female,23.4,132.6,132.2,262.2,Sedentary,Good,Former Smoker,1,0,1,1,1
42.0,Female,28.0,89.3,112.2,212.2,Sedentary,Average,Current Smoker,0,0,0,0,1
77.0,Female,35.2,120.0,162.7,206.0,Sedentary,Average,Former Smoker,0,0,1,1,1
25.0,Male,26.3,73.8,111.0,204.0,Moderate,Good,Non-Smoker,0,0,0,0,1
44.0,Male,20.2,75.6,122.8,177.3,Sedentary,Average,Non-Smoker,0,0,0,0,0
66.0,Male,39.4,135.6,132.5,218.1,Sedentary,Poor,Non-Smoker,0,0,1,1,1
48.0,Male,43.2,120.0,140.2,167.4,Sedentary,Good,Non-Smoker,1,0,1,1,0
49.0,Male,20.7,94.7,118.0,235.7,Active,Average,Non-Smoker,1,0,0,0,1
54.0,Female,34.8,183.9,138.5,182.9,Moderate,Poor,Current Smoker,0,0,1,1,0
67.0,Female,30.7,149.0,125.3,215.2,Moderate,Poor,Former Smoker,0,0,1,0,1
58.0,Male,35.2,192.8,128.8,230.6,Active,Average,Former Smoker,1,0,1,0,1
39.0,Female,21.2,95.4,107.0,166.7,Active,Poor,Current Smoker,0,0,0,0,0
43.0,Female,22.0,92.5,110.1,148.3,Active,Good,Former Smoker,0,0,0,0,0
52.0,Female,38.6,171.9,143.6,277.3,Sedentary,Good,Non-Smoker,1,0,1,1,1
61.0,Male,37.2,154.2,148.4,178.8,Active,Average,Current Smoker,1,1,1,1,0
32.0,Male,23.5,84.3,104.6,202.4,Moderate,Good,Non-Smoker,0,0,0,0,1
28.0,Male,26.0,107.2,118.1,213.3,Active,Good,Non-Smoker,0,0,0,0,1
50.0,Male,22.6,68.0,132.7,169.4,Active,Average,Former Smoker,0,0,0,1,0
68.0,Female,26.2,120.0,135.0,208.7,Active,Poor,Non-Smoker,1,0,1,1,1
50.0,Female,28.0,108.1,111.9,197.2,Active,Good,Former Smoker,0,0,0,0,0
69.0,Female,32.4,90.5,109.3,206.7,Active,Good,Non-Smoker,0,0,0,0,1
61.0,Male,31.2,97.1,139.7,202.9,Moderate,Good,Non-Smoker,0,0,0,1,1
49.0,Male,22.8,168.2,133.7,312.2,Sedentary,Good,Non-Smoker,1,0,1,1,1
49.0,Female,24.9,91.0,106.2,193.7,Sedentary,Good,Former Smoker,0,0,0,0,0
81.0,Female,39.0,130.0,127.2,188.1,Sedentary,Poor,Non-Smoker,1,0,1,0,0
23.0,Female,26.7,90.5,97.5,149.0,Moderate,Poor,Current Smoker,0,0,0,0,0
55.0,Female,28.9,174.4,125.3,213.8,Sedentary,Average,Non-Smoker,0,0,1,0,1
52.0,Female,23.1,101.9,126.0,190.9,Active,Good,Non-Smoker,0,0,0,0,0
65.0,Male,30.7,120.0,145.0,211.9,Sedentary,Poor,Non-Smoker,1,0,1,1,1
29.0,Male,36.2,190.2,162.5,230.1,Sedentary,Average,Current Smoker,1,0,1,1,1
65.0,Male,26.1,69.1,107.3,173.0,Sedentary,Good,Non-Smoker,0,0,0,0,0
85.0,Male,43.4,166.5,137.6,257.3,Sedentary,Average,Current Smoker,0,0,1,1,1
55.0,Female,26.8,102.9,111.8,209.2,Active,Average,Non-Smoker,0,0,0,0,1
72.0,Female,27.0,125.8,117.9,224.4,Moderate,Good,Non-Smoker,1,0,1,0,1
49.0,Male,28.9,147.7,125.2,270.4,Active,Poor,Current Smoker,0,0,1,0,1
61.0,Female,28.7,120.0,154.9,210.5,Sedentary,Average,Current Smoker,1,1,1,1,1
54.0,Male,27.1,142.7,120.4,277.0,Sedentary,Good,Former Smoker,1,0,1,0,1
80.0,Female,28.4,93.5,113.1,218.7,Active,Good,Non-Smoker,1,0,0,0,1
57.0,Female,26.1,101.1,127.5,198.9,Moderate,Average,Former Smoker,0,0,0,0,0
53.0,Female,23.3,95.1,101.0,156.7,Active,Poor,Former Smoker,0,0,0,0,0
65.0,Female,24.8,134.1,116.4,201.2,Sedentary,Poor,Current Smoker,0,0,1,0,1
53.0,Male,29.8,120.0,129.0,152.7,Sedentary,Good,Non-Smoker,0,0,1,0,0
24.0,Female,29.9,86.5,125.5,188.7,Active,Good,Non-Smoker,0,0,0,0,0
54.0,Male,25.0,85.2,111.8,181.5,Active,Good,Non-Smoker,0,0,0,0,0
60.0,Male,27.2,145.9,111.9,277.4,Active,Average,Former Smoker,0,0,1,0,1
25.0,Female,22.1,95.7,115.2,166.4,Active,Average,Current Smoker,0,0,0,0,0
39.0,Female,26.2,68.0,98.3,237.8,Active,Average,Former Smoker,0,0,0,0,1
50.0,Female,21.6,91.7,128.7,229.3,Moderate,Average,Non-Smoker,0,0,0,0,1
63.0,Female,33.3,124.7,133.9,248.9,Moderate,Good,Non-Smoker,0,0,1,1,1
51.0,Female,19.6,96.0,133.5,160.5,Moderate,Good,Former Smoker,0,0,0,1,0
65.0,Female,31.5,118.0,141.6,220.2,Moderate,Good,Current Smoker,0,1,1,1,1
73.0,Male,31.0,196.5,140.7,219.9,Moderate,Average,Non-Smoker,0,0,1,1,1
58.0,Male,27.5,120.0,148.0,180.4,Active,Average,Current Smoker,0,0,1,1,0
49.0,Male,28.0,166.1,149.3,284.4,Sedentary,Average,Former Smoker,1,1,1,1,1
63.0,Female,35.6,120.0,111.0,196.9,Sedentary,Poor,Former Smoker,0,0,1,0,0
37.0,Male,24.1,92.2,130.3,174.9,Active,Good,Former Smoker,0,0,0,1,0
50.0,Male,28.0,90.1,135.7,197.6,Active,Good,Non-Smoker,0,0,0,1,0
46.0,Male,25.9,83.2,126.3,217.7,Sedentary,Poor,Former Smoker,1,0,0,0,1
57.0,Female,23.4,118.0,139.4,230.7,Moderate,Poor,Non-Smoker,1,0,1,1,1
50.0,Male,35.8,139.2,132.0,285.4,Sedentary,Good,Former Smoker,1,1,1,1,1
51.0,Male,23.2,174.8,129.8,225.0,Sedentary,Average,Current Smoker,1,0,1,0,1
57.0,Female,38.8,120.0,162.3,238.5,Sedentary,Average,Current Smoker,0,0,1,1,1
67.0,Female,33.3,166.1,121.6,273.3,Moderate,Good,Current Smoker,0,0,1,0,1
52.0,Male,27.7,105.2,123.2,146.2,Active,Good,Former Smoker,0,0,0,0,0
65.0,Female,26.5,99.5,106.5,199.9,Active,Good,Non-Smoker,0,0,0,0,0
59.0,Female,35.7,152.9,139.7,211.2,Moderate,Poor,Former Smoker,1,0,1,1,1
42.0,Female,26.2,89.6,113.0,194.3,Moderate,Poor,Former Smoker,1,0,0,0,0
77.0,Female,37.9,173.1,136.5,215.8,Sedentary,Good,Non-Smoker,0,0,1,1,1
56.0,Male,27.0,88.5,118.1,193.1,Moderate,Good,Non-Smoker,0,0,0,0,0
65.0,Female,35.3,118.0,129.3,215.5,Sedentary,Good,Current Smoker,1,0,1,0,1
41.0,Female,26.5,68.0,130.7,179.2,Active,Good,Former Smoker,0,0,0,1,0
30.0,Female,23.3,84.6,112.7,190.6,Moderate,Good,Non-Smoker,0,0,0,0,0
38.0,Female,25.7,118.0,133.4,198.6,Active,Average,Non-Smoker,0,0,0,1,0
33.0,Female,20.6,99.3,103.1,218.7,Active,Good,Former Smoker,1,0,0,0,1
60.0,Female,33.6,184.6,125.3,199.8,Sedentary,Poor,Current Smoker,0,0,1,0,0
36.0,Female,25.4,159.6,127.3,178.7,Active,Average,Non-Smoker,1,0,1,0,0
58.0,Female,17.5,118.0,120.5,191.5,Active,Good,Former Smoker,0,0,0,0,0
63.0,Female,30.6,123.8,142.1,265.6,Sedentary,Average,Current Smoker,1,0,1,1,1
54.0,Male,29.7,89.1,111.2,205.1,Active,Poor,Non-Smoker,0,0,0,0,1
39.0,Male,24.3,99.6,128.2,196.9,Active,Good,Non-Smoker,0,0,0,0,0
29.0,Female,21.6,106.9,108.0,190.0,Active,Good,Non-Smoker,1,0,0,0,0
35.0,Male,23.0,98.5,135.2,179.6,Active,Average,Former Smoker,0,0,0,1,0
53.0,Female,31.1,182.3,124.4,242.0,Active,Poor,Non-Smoker,0,0,1,0,1
51.0,Female,31.0,124.1,156.0,217.5,Sedentary,Good,Current Smoker,1,0,1,1,1
52.0,Female,28.0,89.7,107.0,159.3,Moderate,Average,Non-Smoker,0,0,0,0,0
21.0,Male,25.1,99.7,135.5,156.5,Active,Good,Former Smoker,1,0,0,1,0
66.0,Male,22.4,195.0,154.3,191.7,Sedentary,Average,Non-Smoker,1,0,1,1,0
57.0,Female,21.7,106.8,106.7,178.2,Sedentary,Average,Current Smoker,0,0,0,0,0
52.0,Female,24.1,139.3,112.4,247.2,Sedentary,Average,Former Smoker,0,1,1,0,1
67.0,Male,44.0,120.0,119.9,264.7,Sedentary,Poor,Former Smoker,1,0,1,0,1
55.0,Female,25.1,161.7,107.2,220.9,Sedentary,Good,Former Smoker,0,0,1,0,1
46.0,Male,40.1,189.8,135.1,196.9,Active,Average,Non-Smoker,0,0,1,1,0
59.0,Male,36.6,169.7,164.3,244.4,Sedentary,Average,Non-Smoker,0,0,1,1,1
52.0,Male,27.7,107.3,117.8,163.4,Sedentary,Good,Former Smoker,1,0,0,0,0
38.0,Male,33.0,166.3,104.7,193.9,Sedentary,Average,Current Smoker,1,1,1,0,0
46.0,Female,27.0,195.8,119.3,193.3,Moderate,Poor,Non-Smoker,1,0,1,0,0
66.0,Female,28.2,188.1,123.2,232.5,Moderate,Poor,Current Smoker,0,0,1,0,1
18.0,Male,28.0,81.0,125.3,203.7,Active,Average,Non-Smoker,1,0,0,0,1
37.0,Male,22.8,78.9,116.2,206.8,Moderate,Good,Non-Smoker,0,0,0,0,1
33.0,Male,25.9,96.7,130.9,210.6,Active,Average,Former Smoker,0,0,0,1,1
36.0,Female,34.3,118.0,119.9,202.5,Active,Average,Non-Smoker,0,0,0,0,1
60.0,Female,28.0,95.8,102.3,219.8,Moderate,Average,Non-Smoker,0,0,0,0,1
61.0,Female,29.1,77.7,120.7,186.9,Moderate,Good,Former Smoker,0,0,0,0,0
62.0,Male,35.9,138.3,102.0,253.8,Active,Average,Former Smoker,0,0,1,0,1
55.0,Female,32.3,173.5,142.5,242.0,Moderate,Poor,Non-Smoker,1,0,1,1,1
53.0,Female,42.6,158.5,119.0,293.5,Sedentary,Poor,Non-Smoker,0,0,1,0,1
41.0,Female,25.4,92.0,122.6,170.1,Moderate,Poor,Former Smoker,0,1,0,0,0
46.0,Female,35.5,184.1,138.9,291.5,Sedentary,Average,Former Smoker,0,0,1,1,1
42.0,Female,43.0,166.8,135.7,238.2,Sedentary,Average,Former Smoker,1,0,1,1,1
58.0,Male,21.2,104.1,114.6,201.0,Active,Average,Former Smoker,0,0,0,0,1
54.0,Female,21.2,95.2,113.9,157.4,Active,Good,Non-Smoker,0,0,0,0,0
53.0,Male,20.4,96.6,117.4,164.1,Active,Average,Non-Smoker,1,1,0,0,0
36.0,Male,21.6,79.1,107.6,171.8,Moderate,Average,Non-Smoker,0,0,0,0,0
51.0,Male,31.7,164.8,135.6,294.5,Moderate,Poor,Current Smoker,1,0,1,1,1
50.0,Male,35.0,181.0,126.2,238.5,Moderate,Average,Current Smoker,1,1,1,0,1
72.0,Male,29.6,118.0,137.2,203.3,Sedentary,Average,Non-Smoker,0,1,1,1,1
68.0,Male,22.4,84.6,137.3,191.3,Sedentary,Average,Non-Smoker,1,0,0,1,0
44.0,Female,23.0,98.2,96.3,177.3,Moderate,Good,Former Smoker,0,0,0,0,0
21.0,Male,22.9,100.8,131.8,140.8,Sedentary,Good,Former Smoker,0,0,0,1,0
64.0,Female,27.4,77.9,100.0,202.4,Moderate,Average,Current Smoker,0,0,0,0,1
65.0,Female,22.8,103.0,124.1,227.7,Active,Poor,Non-Smoker,1,0,0,0,1
40.0,Male,17.5,118.0,99.4,226.8,Active,Average,Non-Smoker,0,1,0,0,1
69.0,Female,24.8,118.0,107.5,158.2,Active,Average,Non-Smoker,1,1,0,0,0
55.0,Male,26.1,102.4,108.7,187.7,Active,Good,Non-Smoker,0,0,0,0,0
66.0,Male,27.0,74.8,125.4,205.2,Active,Average,Former Smoker,1,0,0,0,1
40.0,Female,26.4,100.9,112.4,231.2,Moderate,Good,Non-Smoker,0,0,0,0,1
57.0,Male,29.7,254.0,141.2,199.6,Sedentary,Poor,Former Smoker,0,0,1,1,0
25.0,Male,20.7,118.0,117.6,171.4,Active,Average,Non-Smoker,1,0,0,0,0
64.0,Female,28.0,154.8,125.3,210.6,Moderate,Good,Current Smoker,0,0,1,1,1
61.0,Male,26.2,98.2,106.2,179.9,Moderate,Average,Non-Smoker,0,0,0,0,0
67.0,Male,30.0,81.6,130.3,190.9,Sedentary,Poor,Current Smoker,0,0,0,1,0
62.0,Female,37.0,173.6,133.9,227.9,Sedentary,Poor,Current Smoker,1,0,1,1,1
49.0,Female,25.2,84.1,102.5,167.1,Moderate,Poor,Former Smoker,0,1,0,0,0
55.0,Male,24.6,118.0,125.3,199.4,Sedentary,Good,Former Smoker,1,0,1,1,0
49.0,Male,25.6,109.2,113.0,170.6,Active,Average,Former Smoker,0,0,0,0,0
47.0,Male,19.7,116.1,111.9,188.3,Active,Poor,Current Smoker,1,0,0,0,0
18.0,Male,25.8,118.0,113.6,183.0,Active,Average,Former Smoker,0,0,0,0,0
41.0,Female,33.4,120.0,136.3,215.3,Moderate,Poor,Current Smoker,0,0,1,1,1
18.0,Female,28.8,97.8,100.8,171.6,Moderate,Good,Non-Smoker,0,0,0,0,0
45.0,Male,18.5,88.0,123.9,196.6,Moderate,Average,Current Smoker,0,0,0,0,0
58.0,Male,27.0,93.0,136.6,140.0,Active,Average,Non-Smoker,0,0,0,1,0
52.0,Male,29.0,120.0,117.6,221.3,Moderate,Average,Non-Smoker,0,0,1,0,1
62.0,Male,39.2,120.0,146.3,299.2,Active,Poor,Former Smoker,1,1,1,1,1
44.0,Female,32.9,155.6,114.1,158.4,Sedentary,Poor,Current Smoker,0,0,1,0,0
49.0,Female,28.0,120.0,128.1,218.4,Sedentary,Average,Former Smoker,1,0,1,0,1
62.0,Female,30.5,152.6,127.3,233.5,Moderate,Good,Former Smoker,1,1,1,0,1
51.0,Male,21.2,91.3,133.0,216.6,Sedentary,Good,Non-Smoker,0,0,0,1,1
40.0,Male,19.8,95.3,114.8,174.8,Moderate,Good,Current Smoker,0,0,0,0,0
18.0,Male,22.6,80.4,105.4,205.5,Moderate,Average,Non-Smoker,0,0,0,0,1
66.0,Female,24.4,74.8,108.6,222.3,Active,Good,Non-Smoker,0,0,0,0,1
39.0,Male,22.7,107.3,121.3,142.6,Active,Good,Non-Smoker,0,0,0,0,0
19.0,Female,24.0,81.4,125.3,139.7,Moderate,Poor,Former Smoker,0,0,0,0,0
40.0,Female,25.9,82.4,110.4,163.6,Moderate,Good,Non-Smoker,0,0,0,0,0
35.0,Female,24.3,85.1,127.9,141.4,Active,Average,Former Smoker,0,0,0,0,0
55.0,Female,27.7,120.0,136.3,194.1,Moderate,Poor,Former Smoker,0,0,1,1,0
42.0,Female,26.2,156.4,145.5,218.9,Sedentary,Poor,Non-Smoker,0,0,1,1,1
49.0,Male,26.7,194.9,131.6,232.0,Active,Average,Former Smoker,0,0,1,1,1
71.0,Male,25.6,170.0,135.0,213.2,Sedentary,Good,Non-Smoker,1,0,1,1,1
60.0,Female,31.0,158.0,113.3,173.4,Sedentary,Good,Former Smoker,1,0,1,0,0
54.0,Female,26.4,87.6,102.9,183.0,Active,Average,Current Smoker,1,1,0,0,0
63.0,Male,28.0,118.0,107.4,191.7,Active,Average,Non-Smoker,0,0,0,0,0
38.0,Male,17.5,91.7,125.3,185.6,Moderate,Average,Non-Smoker,0,0,0,0,0
56.0,Female,27.8,146.1,109.8,228.0,Sedentary,Average,Non-Smoker,1,0,1,0,1
49.0,Female,40.3,118.0,137.3,216.6,Sedentary,Poor,Former Smoker,1,0,1,1,1
49.0,Female,22.8,84.7,119.8,193.9,Active,Good,Former Smoker,0,0,0,0,0
68.0,Male,40.6,120.0,102.7,258.5,Sedentary,Average,Non-Smoker,0,1,1,0,1
53.0,Male,22.0,191.1,151.6,242.3,Sedentary,Good,Non-Smoker,1,0,1,1,1
56.0,Male,32.8,120.0,133.5,236.9,Sedentary,Poor,Former Smoker,1,0,1,1,1
40.0,Female,23.3,103.7,106.8,162.7,Active,Average,Non-Smoker,1,0,0,0,0
43.0,Female,19.6,91.3,126.2,234.5,Active,Good,Non-Smoker,1,0,0,0,1
25.0,Female,25.6,100.3,93.2,163.0,Sedentary,Good,Non-Smoker,0,0,0,0,0
62.0,Female,36.2,146.9,125.3,225.3,Sedentary,Average,Former Smoker,0,0,1,1,1
50.0,Female,25.7,102.2,122.9,164.8,Moderate,Average,Non-Smoker,0,0,0,0,0
45.0,Male,26.2,99.7,96.1,150.3,Moderate,Average,Non-Smoker,1,0,0,0,0
66.0,Female,38.0,124.3,136.0,216.7,Moderate,Average,Current Smoker,1,0,1,1,1
45.0,Female,25.6,87.6,124.1,169.2,Active,Poor,Current Smoker,1,0,0,0,0
46.0,Female,29.6,141.8,137.5,200.7,Sedentary,Average,Non-Smoker,0,1,1,1,1
83.0,Male,31.4,172.7,143.9,264.9,Sedentary,Poor,Former Smoker,1,1,1,1,1
65.0,Female,28.5,126.2,160.7,197.7,Sedentary,Average,Non-Smoker,0,0,1,1,0
58.0,Female,23.5,85.9,119.0,176.1,Active,Average,Non-Smoker,0,0,0,0,0
45.0,Female,28.1,83.0,119.9,210.0,Active,Good,Non-Smoker,0,0,0,0,1
33.0,Male,33.0,96.4,118.5,151.5,Moderate,Average,Non-Smoker,0,0,0,0,0
48.0,Male,24.6,89.5,130.9,156.9,Active,Average,Non-Smoker,0,0,0,1,0
50.0,Female,29.2,70.9,95.6,183.0,Active,Average,Non-Smoker,0,0,0,0,0
25.0,Female,26.0,101.3,102.4,193.3,Active,Average,Non-Smoker,0,0,0,0,0
85.0,Male,40.9,175.5,130.5,175.1,Moderate,Good,Non-Smoker,0,1,1,1,0
58.0,Female,36.9,120.0,141.5,193.5,Moderate,Average,Former Smoker,0,0,1,1,0
44.0,Male,28.1,118.0,112.1,245.9,Active,Good,Former Smoker,0,0,0,0,1
70.0,Male,22.1,76.5,118.0,167.2,Moderate,Poor,Former Smoker,0,0,0,0,0
60.0,Male,40.8,183.2,145.3,206.5,Sedentary,Poor,Current Smoker,0,0,1,1,1
44.0,Female,37.8,120.0,125.3,247.0,Sedentary,Average,Non-Smoker,0,0,1,1,1
43.0,Male,22.0,120.0,154.2,243.7,Sedentary,Average,Current Smoker,0,0,1,1,1
44.0,Male,27.0,74.6,112.3,192.6,Active,Average,Current Smoker,0,0,0,0,0
48.0,Male,25.5,85.4,114.0,183.5,Moderate,Good,Former Smoker,0,0,0,0,0
62.0,Male,39.5,161.7,168.3,227.1,Moderate,Poor,Current Smoker,1,0,1,1,1
45.0,Male,34.9,213.2,142.5,198.8,Moderate,Poor,Former Smoker,1,0,1,1,0
45.0,Male,25.6,106.3,109.2,159.5,Moderate,Good,Non-Smoker,1,0,0,0,0
85.0,Female,35.8,120.0,138.8,252.1,Sedentary,Average,Former Smoker,1,0,1,1,1
54.0,Female,25.9,142.7,137.4,225.4,Sedentary,Good,Current Smoker,1,1,1,1,1
61.0,Male,21.7,89.1,125.3,174.6,Sedentary,Good,Former Smoker,1,0,0,0,0
52.0,Female,21.7,77.3,118.1,202.5,Sedentary,Good,Current Smoker,0,0,0,0,1
67.0,Female,30.1,78.3,122.9,196.2,Moderate,Average,Non-Smoker,0,0,0,0,0
79.0,Female,35.7,195.5,134.8,267.6,Moderate,Poor,Former Smoker,0,0,1,1,1
64.0,Male,17.6,83.7,132.2,220.7,Active,Good,Former Smoker,0,0,0,1,1
65.0,Female,29.3,155.6,125.3,214.7,Sedentary,Average,Current Smoker,1,0,1,0,1
31.0,Male,19.1,86.0,140.5,210.4,Active,Good,Non-Smoker,0,0,0,1,1
65.0,Male,26.0,175.7,142.2,200.1,Sedentary,Average,Former Smoker,1,0,1,1,1
74.0,Female,33.4,99.9,116.1,192.4,Active,Good,Non-Smoker,0,0,0,0,0
50.0,Male,30.1,84.7,131.1,179.6,Active,Average,Current Smoker,0,0,0,1,0
65.0,Male,38.5,142.1,125.3,197.4,Moderate,Average,Current Smoker,0,0,1,1,0
34.0,Female,24.7,98.0,122.8,176.2,Sedentary,Average,Current Smoker,0,0,0,0,0
68.0,Male,33.3,174.6,146.9,181.8,Moderate,Poor,Non-Smoker,0,0,1,1,0
68.0,Male,33.1,168.9,131.9,158.1,Moderate,Poor,Former Smoker,1,0,1,1,0
68.0,Male,25.3,93.9,107.0,209.2,Active,Average,Current Smoker,1,0,0,0,1
28.0,Female,24.8,96.9,118.2,213.1,Active,Average,Non-Smoker,0,0,0,0,1
51.0,Female,22.0,143.7,114.8,206.1,Moderate,Average,Non-Smoker,1,0,1,0,1
60.0,Male,31.9,110.0,103.0,193.1,Moderate,Poor,Non-Smoker,0,0,0,0,0
28.0,Male,37.4,194.4,139.6,240.9,Sedentary,Average,Former Smoker,1,1,1,1,1
52.0,Female,20.4,95.1,124.3,149.4,Active,Poor,Non-Smoker,0,0,0,0,0
36.0,Female,23.6,90.6,118.4,202.6,Active,Average,Non-Smoker,1,0,0,0,1
76.0,Female,28.0,123.2,146.7,294.6,Sedentary,Average,Former Smoker,1,1,1,1,1
54.0,Female,24.4,97.2,124.3,189.4,Sedentary,Good,Non-Smoker,0,0,0,0,0
47.0,Male,26.2,91.7,123.8,241.9,Moderate,Average,Non-Smoker,0,0,0,0,1
56.0,Male,32.9,152.3,138.0,230.7,Sedentary,Average,Current Smoker,1,0,1,1,1
35.0,Male,24.5,92.7,125.3,161.7,Moderate,Good,Former Smoker,0,0,0,0,0
66.0,Male,37.2,120.0,125.3,225.1,Active,Poor,Former Smoker,0,0,1,1,1
46.0,Male,25.5,101.2,120.7,238.4,Moderate,Average,Current Smoker,0,0,0,0,1
67.0,Male,32.1,196.3,126.6,220.3,Active,Good,Non-Smoker,1,0,1,0,1
51.0,Female,32.4,175.8,129.0,231.4,Sedentary,Poor,Former Smoker,1,0,1,0,1
40.0,Male,26.5,90.1,115.8,197.0,Active,Good,Non-Smoker,1,0,0,0,0
56.0,Female,28.4,118.0,105.7,167.2,Active,Average,Former Smoker,0,0,0,0,0
59.0,Male,31.3,166.7,137.4,230.9,Sedentary,Average,Former Smoker,0,0,1,1,1
37.0,Female,19.9,80.5,123.7,205.9,Active,Average,Current Smoker,0,1,0,0,1
45.0,Female,39.2,188.5,119.5,189.1,Sedentary,Average,Current Smoker,0,0,1,0,0
59.0,Female,24.7,147.3,137.0,253.7,Sedentary,Average,Non-Smoker,1,0,1,1,1
65.0,Male,35.1,175.2,123.6,211.1,Sedentary,Average,Former Smoker,1,0,1,0,1
20.0,Female,25.7,88.4,132.6,189.8,Active,Average,Non-Smoker,0,0,0,1,0
42.0,Female,22.7,92.1,117.4,195.6,Active,Average,Non-Smoker,0,0,0,0,0
56.0,Female,25.9,131.8,159.2,209.2,Sedentary,Good,Former Smoker,0,0,1,1,1
80.0,Female,40.3,154.0,129.6,171.2,Sedentary,Good,Current Smoker,1,0,1,0,0
37.0,Female,24.7,89.9,142.2,215.9,Active,Average,Non-Smoker,0,0,0,1,1
67.0,Male,28.0,164.2,163.0,252.1,Sedentary,Average,Non-Smoker,0,0,1,1,1
57.0,Male,29.3,102.5,109.9,158.8,Sedentary,Good,Non-Smoker,0,1,0,0,0
65.0,Male,42.9,182.4,132.0,308.9,Sedentary,Poor,Former Smoker,0,1,1,1,1
25.0,Male,26.8,90.3,112.0,197.1,Moderate,Average,Former Smoker,0,0,0,0,0
51.0,Female,33.6,148.8,137.9,188.3,Sedentary,Good,Current Smoker,1,0,1,1,0
53.0,Male,37.3,215.5,160.2,231.1,Moderate,Poor,Non-Smoker,1,0,1,1,1
55.0,Female,26.4,89.6,108.2,203.9,Moderate,Average,Non-Smoker,1,0,0,0,1
47.0,Female,25.5,94.2,129.0,140.4,Sedentary,Average,Non-Smoker,0,0,0,0,0
44.0,Male,33.4,118.0,143.9,255.7,Moderate,Poor,Non-Smoker,1,0,1,1,1
58.0,Male,27.2,193.3,151.8,221.5,Moderate,Average,Former Smoker,1,1,1,1,1
55.0,Female,33.5,118.0,141.8,211.5,Sedentary,Good,Current Smoker,0,0,1,1,1
78.0,Male,33.4,120.0,144.8,194.1,Active,Good,Non-Smoker,0,0,1,1,0
18.0,Female,31.0,99.5,117.4,225.4,Moderate,Good,Non-Smoker,0,0,0,0,1
26.0,Female,28.4,118.0,124.8,175.8,Moderate,Good,Non-Smoker,1,0,0,0,0
53.0,Female,23.1,101.2,117.6,165.2,Sedentary,Average,Current Smoker,0,0,0,0,0
55.0,Female,26.3,181.7,153.0,248.1,Sedentary,Average,Non-Smoker,1,1,1,1,1
67.0,Female,24.2,133.3,135.6,176.8,Sedentary,Poor,Current Smoker,1,0,1,1,0
66.0,Male,28.0,156.8,153.1,231.5,Active,Poor,Non-Smoker,1,1,1,1,1
49.0,Female,30.0,146.0,104.2,220.1,Sedentary,Average,Former Smoker,0,0,1,0,1
33.0,Male,23.6,108.8,129.2,171.0,Moderate,Poor,Non-Smoker,1,0,0,0,0
67.0,Male,27.7,203.0,135.3,284.1,Sedentary,Average,Non-Smoker,1,0,1,1,1
36.0,Male,21.8,68.0,102.8,192.5,Active,Average,Non-Smoker,1,0,0,0,0
23.0,Male,21.6,118.0,124.9,157.9,Moderate,Good,Non-Smoker,0,0,0,0,0
65.0,Female,23.9,84.5,90.0,167.7,Active,Poor,Non-Smoker,0,0,0,0,0
80.0,Female,21.7,108.0,107.6,232.3,Moderate,Average,Current Smoker,1,0,0,0,1
64.0,Male,21.9,92.6,125.0,154.5,Sedentary,Good,Current Smoker,1,0,0,0,0
46.0,Male,24.2,106.0,108.4,185.7,Active,Average,Non-Smoker,0,0,0,0,0
41.0,Male,25.1,105.9,125.2,212.3,Active,Average,Non-Smoker,0,0,0,0,1
46.0,Female,29.9,88.6,129.6,170.2,Moderate,Good,Non-Smoker,0,0,0,0,0
59.0,Male,24.2,80.0,96.5,237.6,Moderate,Poor,Current Smoker,0,0,0,0,1
37.0,Female,34.6,227.1,110.8,214.1,Moderate,Poor,Current Smoker,0,0,1,0,1
68.0,Female,31.8,193.4,136.7,261.2,Sedentary,Poor,Non-Smoker,0,0,1,1,1
51.0,Male,28.8,87.8,120.3,179.2,Moderate,Good,Non-Smoker,0,1,0,0,0
45.0,Female,27.7,120.0,114.5,269.2,Sedentary,Poor,Non-Smoker,0,0,1,0,1
49.0,Female,34.1,165.7,134.4,234.6,Moderate,Average,Non-Smoker,1,0,1,1,1
51.0,Male,33.5,142.2,140.6,255.3,Moderate,Average,Current Smoker,1,0,1,1,1
59.0,Female,26.9,99.5,106.9,160.0,Moderate,Good,Non-Smoker,0,0,0,0,0
50.0,Female,30.5,180.7,140.5,223.7,Sedentary,Average,Current Smoker,0,0,1,1,1
51.0,Male,24.2,92.4,125.3,164.5,Active,Good,Non-Smoker,0,0,0,0,0
37.0,Male,21.9,85.9,124.7,185.2,Active,Poor,Non-Smoker,0,0,0,0,0
72.0,Female,32.5,158.0,124.5,225.5,Moderate,Average,Former Smoker,0,1,1,0,1
74.0,Male,23.3,82.0,112.6,183.3,Sedentary,Average,Current Smoker,0,0,0,0,0
26.0,Male,18.8,80.3,132.7,201.2,Moderate,Poor,Current Smoker,0,0,0,1,1
25.0,Male,27.5,103.4,107.5,225.6,Moderate,Average,Former Smoker,0,0,0,0,1
53.0,Male,20.6,68.2,104.3,171.2,Active,Average,Non-Smoker,1,0,0,0,0
43.0,Female,35.4,184.4,146.4,239.5,Active,Poor,Non-Smoker,1,0,1,1,1
58.0,Male,28.0,184.2,134.7,212.7,Active,Average,Current Smoker,1,0,1,1,1
48.0,Female,36.3,130.0,117.1,228.7,Sedentary,Poor,Current Smoker,0,0,1,0,1
52.0,Female,34.6,120.0,138.6,265.1,Sedentary,Poor,Former Smoker,1,1,1,1,1
22.0,Female,20.8,81.6,95.0,199.7,Sedentary,Average,Former Smoker,1,0,0,0,0
65.0,Female,39.6,228.2,141.9,202.7,Sedentary,Average,Non-Smoker,1,0,1,1,1
69.0,Female,26.4,120.0,143.9,242.8,Sedentary,Poor,Former Smoker,0,0,1,1,1
81.0,Female,33.9,198.4,132.3,201.9,Moderate,Average,Non-Smoker,1,0,1,1,1
47.0,Female,34.5,92.2,110.7,191.2,Moderate,Average,Current Smoker,0,0,0,0,0
36.0,Female,22.6,87.9,121.4,203.5,Active,Good,Non-Smoker,0,0,0,0,1
44.0,Male,28.0,173.8,134.7,206.8,Moderate,Average,Current Smoker,0,0,1,1,1
53.0,Female,23.9,88.9,114.3,212.8,Moderate,Good,Current Smoker,0,0,0,0,1
29.0,Female,23.4,85.6,119.4,163.1,Sedentary,Average,Former Smoker,1,0,0,0,0
85.0,Female,23.2,118.0,121.4,187.9,Sedentary,Poor,Non-Smoker,1,0,1,0,0
54.0,Female,22.0,159.5,136.2,172.8,Moderate,Poor,Non-Smoker,0,0,1,1,0
42.0,Male,28.0,96.2,120.7,177.9,Moderate,Good,Non-Smoker,0,0,0,0,0
44.0,Male,31.1,120.0,153.8,235.5,Moderate,Poor,Current Smoker,1,0,1,1,1
55.0,Female,24.5,71.6,108.9,189.3,Sedentary,Average,Non-Smoker,0,0,0,0,0
25.0,Female,22.6,89.7,115.3,191.2,Active,Average,Non-Smoker,0,0,0,0,0
47.0,Female,23.5,96.0,107.3,238.7,Active,Poor,Non-Smoker,0,0,0,0,1
50.0,Male,30.0,130.3,123.3,203.3,Moderate,Average,Non-Smoker,1,0,1,0,1
44.0,Male,36.5,226.1,113.7,212.9,Sedentary,Poor,Former Smoker,0,1,1,0,1
55.0,Male,22.0,120.3,139.2,248.2,Sedentary,Poor,Non-Smoker,0,0,1,1,1
64.0,Male,27.2,176.6,135.3,195.4,Moderate,Average,Current Smoker,1,1,1,1,0
56.0,Male,27.0,192.7,141.5,184.1,Sedentary,Average,Former Smoker,0,0,1,1,0
65.0,Female,39.1,157.2,152.2,310.7,Moderate,Average,Former Smoker,1,0,1,1,1
66.0,Female,33.0,149.4,140.9,187.5,Sedentary,Good,Non-Smoker,0,0,1,1,0
57.0,Female,30.9,193.1,126.7,255.9,Moderate,Average,Former Smoker,0,0,1,0,1
85.0,Male,31.3,161.2,146.4,195.6,Active,Poor,Current Smoker,0,0,1,1,0
44.0,Female,26.7,106.0,138.0,176.2,Moderate,Good,Non-Smoker,0,0,0,1,0
45.0,Female,31.0,161.7,152.1,182.9,Moderate,Average,Non-Smoker,0,0,1,1,0
63.0,Male,23.0,75.5,106.1,186.1,Sedentary,Good,Non-Smoker,0,1,0,0,0
38.0,Male,27.6,98.0,127.3,197.3,Active,Average,Former Smoker,0,0,0,0,0
45.0,Male,28.6,69.5,116.6,203.3,Active,Good,Current Smoker,0,0,0,0,1
60.0,Male,26.9,143.4,145.1,276.0,Active,Average,Non-Smoker,0,0,1,1,1
61.0,Male,22.0,118.0,123.7,220.4,Sedentary,Good,Former Smoker,1,0,1,0,1
55.0,Male,39.9,142.0,139.8,166.7,Sedentary,Poor,Former Smoker,1,0,1,1,0
77.0,Female,33.5,190.7,153.2,186.4,Moderate,Good,Current Smoker,1,0,1,1,0
52.0,Female,36.1,120.0,135.5,245.9,Moderate,Poor,Former Smoker,0,0,1,1,1
42.0,Male,27.9,91.0,127.6,195.7,Moderate,Poor,Former Smoker,0,0,0,0,0
59.0,Female,28.0,172.1,147.1,293.3,Moderate,Poor,Current Smoker,1,0,1,1,1
50.0,Male,24.3,93.8,111.2,184.7,Active,Average,Non-Smoker,0,0,0,0,0
62.0,Male,26.9,145.2,155.5,249.1,Sedentary,Average,Non-Smoker,0,1,1,1,1
63.0,Female,34.2,120.0,138.0,253.6,Sedentary,Poor,Non-Smoker,1,0,1,1,1
59.0,Male,23.0,98.7,120.0,193.6,Moderate,Good,Non-Smoker,0,0,0,0,0
54.0,Female,21.6,87.9,106.5,182.9,Sedentary,Good,Non-Smoker,0,0,0,0,0
38.0,Male,28.0,206.9,127.5,242.8,Sedentary,Average,Non-Smoker,0,1,1,0,1
65.0,Male,22.8,120.0,131.9,234.4,Sedentary,Poor,Non-Smoker,1,0,1,1,1
69.0,Male,24.8,97.2,130.9,185.1,Moderate,Average,Former Smoker,1,0,0,1,0
38.0,Male,24.3,84.5,102.5,160.5,Moderate,Good,Current Smoker,0,0,0,0,0
47.0,Female,21.1,109.5,100.9,199.7,Moderate,Good,Non-Smoker,0,0,0,0,0
56.0,Male,26.1,120.0,151.7,217.1,Moderate,Average,Current Smoker,0,0,1,1,1
50.0,Male,28.0,120.0,152.4,201.6,Moderate,Average,Former Smoker,1,0,1,1,1
74.0,Male,32.7,189.3,138.3,229.4,Moderate,Average,Non-Smoker,1,0,1,1,1
49.0,Male,21.0,96.3,123.8,185.5,Sedentary,Good,Non-Smoker,0,0,0,0,0
61.0,Female,22.2,96.4,100.4,200.2,Active,Good,Non-Smoker,0,0,0,0,1
24.0,Male,31.1,87.8,111.6,205.0,Active,Average,Non-Smoker,0,0,0,0,1
34.0,Male,28.0,104.6,110.3,190.8,Active,Good,Non-Smoker,0,0,0,0,0
42.0,Male,27.6,103.9,100.4,236.0,Active,Average,Former Smoker,0,0,0,0,1
29.0,Female,26.9,87.0,124.3,191.6,Moderate,Good,Non-Smoker,0,0,0,0,0
38.0,Male,18.0,85.9,149.2,220.5,Active,Good,Non-Smoker,1,0,0,1,1
63.0,Male,28.0,108.3,110.7,238.2,Moderate,Good,Non-Smoker,0,0,0,0,1
59.0,Male,28.5,81.5,143.9,170.5,Moderate,Average,Current Smoker,0,0,0,1,0
47.0,Male,36.0,120.0,126.6,276.0,Sedentary,Poor,Non-Smoker,0,0,1,0,1
41.0,Female,25.1,102.3,129.0,150.9,Active,Good,Non-Smoker,1,0,0,0,0
38.0,Male,25.6,96.8,105.4,184.4,Active,Good,Non-Smoker,1,1,0,0,0
55.0,Female,34.8,149.2,136.7,211.4,Moderate,Average,Former Smoker,1,0,1,1,1
62.0,Male,28.3,94.3,117.1,195.3,Active,Good,Non-Smoker,0,0,0,0,0
73.0,Male,24.8,99.0,114.2,160.6,Active,Average,Non-Smoker,1,0,0,0,0
68.0,Female,28.0,157.1,125.2,256.0,Moderate,Average,Non-Smoker,1,1,1,0,1
30.0,Male,23.2,93.5,117.7,198.2,Active,Average,Non-Smoker,0,0,0,0,0
64.0,Female,24.5,184.9,151.7,255.0,Active,Poor,Current Smoker,1,1,1,1,1
44.0,Male,37.7,147.4,129.6,210.0,Sedentary,Average,Former Smoker,0,1,1,0,1
44.0,Male,21.5,118.0,129.1,163.1,Active,Poor,Non-Smoker,0,0,0,0,0
18.0,Female,30.9,81.7,108.4,178.3,Active,Average,Former Smoker,0,1,0,0,0
73.0,Male,24.9,120.0,154.4,269.0,Sedentary,Poor,Non-Smoker,1,0,1,1,1
45.0,Male,32.2,118.0,141.9,222.1,Sedentary,Average,Non-Smoker,1,0,1,1,1
39.0,Male,18.9,93.4,108.0,154.6,Active,Good,Non-Smoker,0,0,0,0,0
48.0,Male,29.0,146.4,126.9,269.1,Sedentary,Poor,Non-Smoker,0,0,1,0,1
25.0,Female,17.5,71.7,105.4,178.2,Moderate,Average,Non-Smoker,0,0,0,0,0
55.0,Female,28.1,97.5,125.3,222.0,Moderate,Good,Former Smoker,0,0,0,0,1
44.0,Male,23.3,91.5,123.2,210.0,Active,Good,Former Smoker,0,1,0,0,1
47.0,Male,31.7,199.5,136.0,302.5,Moderate,Poor,Former Smoker,1,0,1,1,1
63.0,Male,38.1,192.5,132.8,218.5,Active,Poor,Current Smoker,0,0,1,1,1
46.0,Male,29.4,179.4,144.2,209.5,Sedentary,Poor,Non-Smoker,1,0,1,1,1
21.0,Male,20.9,106.4,128.3,209.3,Active,Good,Former Smoker,0,0,0,0,1
33.0,Male,20.1,98.2,106.2,155.7,Active,Good,Non-Smoker,1,0,0,0,0
38.0,Male,26.8,89.3,119.1,142.1,Moderate,Average,Non-Smoker,0,0,0,0,0
50.0,Female,33.5,156.2,158.7,240.5,Sedentary,Good,Non-Smoker,0,0,1,1,1
49.0,Female,35.8,202.1,125.3,270.0,Moderate,Average,Non-Smoker,1,0,1,1,1
59.0,Male,30.4,202.9,120.9,244.3,Moderate,Poor,Non-Smoker,1,0,1,0,1
48.0,Male,42.0,176.5,116.6,263.8,Sedentary,Poor,Current Smoker,1,0,1,0,1
38.0,Female,29.3,87.9,127.8,166.5,Moderate,Good,Non-Smoker,0,0,0,0,0
57.0,Female,36.4,158.7,129.1,227.1,Moderate,Poor,Former Smoker,1,0,1,0,1
18.0,Female,24.0,87.2,113.0,232.9,Active,Average,Non-Smoker,0,1,0,0,1
37.0,Male,25.6,73.3,122.9,168.5,Active,Good,Former Smoker,0,0,0,0,0
58.0,Male,19.7,85.9,115.9,196.2,Moderate,Average,Current Smoker,0,0,0,0,0
74.0,Male,25.6,118.0,115.9,168.0,Moderate,Good,Non-Smoker,1,0,0,0,0
48.0,Female,26.7,102.2,117.7,194.5,Active,Good,Current Smoker,1,0,0,0,0
41.0,Male,24.4,106.6,120.6,171.7,Active,Good,Former Smoker,0,0,0,0,0
30.0,Female,27.5,107.5,119.3,207.3,Active,Good,Current Smoker,0,0,0,0,1
39.0,Male,38.0,120.0,113.7,168.7,Moderate,Good,Current Smoker,1,0,1,0,0
72.0,Female,30.9,196.4,132.6,252.2,Sedentary,Poor,Non-Smoker,0,0,1,1,1
63.0,Female,33.0,174.1,155.9,231.0,Sedentary,Good,Current Smoker,1,0,1,1,1
38.0,Female,28.2,94.9,115.0,184.8,Sedentary,Poor,Current Smoker,0,0,0,0,0
30.0,Male,24.7,77.7,117.8,229.6,Active,Good,Former Smoker,0,0,0,0,1
28.0,Male,27.9,72.0,105.8,190.0,Sedentary,Average,Former Smoker,1,0,0,0,0
43.0,Male,28.5,96.4,118.9,156.1,Moderate,Good,Non-Smoker,0,0,0,0,0
46.0,Female,28.7,148.3,145.6,246.2,Moderate,Good,Non-Smoker,0,0,1,1,1
48.0,Female,26.0,120.0,121.0,247.7,Active,Average,Current Smoker,0,0,1,0,1
85.0,Female,22.0,141.8,136.8,273.0,Moderate,Average,Current Smoker,0,1,1,1,1
68.0,Female,30.1,127.6,137.2,207.3,Sedentary,Average,Current Smoker,0,1,1,1,1
66.0,Male,26.7,87.4,118.1,200.9,Moderate,Good,Non-Smoker,0,0,0,0,1
56.0,Female,23.4,83.5,106.7,225.6,Active,Good,Non-Smoker,0,0,0,0,1
49.0,Female,27.6,84.2,95.9,211.7,Sedentary,Good,Former Smoker,0,0,0,0,1
61.0,Male,27.4,90.6,113.9,135.9,Active,Average,Non-Smoker,0,0,0,0,0
61.0,Male,40.4,166.0,129.2,237.3,Moderate,Average,Current Smoker,1,0,1,0,1
69.0,Male,31.8,175.0,131.6,220.2,Sedentary,Good,Non-Smoker,1,0,1,1,1
56.0,Male,35.4,182.3,143.7,271.2,Sedentary,Average,Non-Smoker,0,0,1,1,1
33.0,Female,23.6,93.8,138.8,160.2,Active,Good,Non-Smoker,1,0,0,1,0
49.0,Male,26.2,84.9,106.6,182.0,Active,Average,Current Smoker,0,0,0,0,0
63.0,Male,27.4,108.8,114.5,224.1,Active,Good,Current Smoker,0,0,0,0,1
64.0,Female,31.8,118.0,143.2,232.6,Sedentary,Average,Former Smoker,1,0,1,1,1
51.0,Female,30.7,118.0,120.3,211.6,Sedentary,Average,Current Smoker,1,0,1,0,1
34.0,Female,28.0,110.2,112.1,195.5,Sedentary,Average,Current Smoker,1,0,0,0,0
40.0,Female,28.0,164.6,133.3,243.4,Sedentary,Average,Current Smoker,0,0,1,1,1
61.0,Female,29.3,93.6,117.7,203.8,Active,Good,Current Smoker,0,0,0,0,1
46.0,Female,36.3,120.0,147.4,234.2,Active,Good,Non-Smoker,1,1,1,1,1
75.0,Male,37.5,142.3,115.7,263.4,Sedentary,Average,Former Smoker,0,0,1,0,1
24.0,Male,23.5,104.1,116.0,205.3,Moderate,Average,Non-Smoker,0,0,0,0,1
27.0,Female,24.2,92.8,107.0,188.8,Moderate,Poor,Non-Smoker,0,0,0,0,0
27.0,Female,26.5,96.4,107.8,194.6,Sedentary,Average,Current Smoker,0,0,0,0,0
54.0,Male,34.6,153.6,131.3,178.2,Sedentary,Average,Current Smoker,0,0,1,1,0
85.0,Male,31.2,155.4,147.3,289.1,Moderate,Good,Non-Smoker,0,0,1,1,1
70.0,Male,32.7,170.3,146.8,185.6,Active,Average,Former Smoker,1,0,1,1,0
33.0,Female,29.6,95.3,113.5,198.4,Moderate,Good,Current Smoker,0,0,0,0,0
46.0,Male,36.5,157.9,142.2,289.1,Sedentary,Poor,Non-Smoker,0,1,1,1,1
59.0,Male,29.8,93.6,123.5,199.2,Active,Poor,Non-Smoker,1,0,0,0,0
58.0,Male,42.4,185.2,149.1,296.8,Moderate,Poor,Current Smoker,1,0,1,1,1
59.0,Male,28.0,118.0,129.3,223.6,Sedentary,Poor,Former Smoker,1,1,1,0,1
39.0,Female,30.3,92.7,117.2,154.5,Active,Good,Current Smoker,0,0,0,0,0
69.0,Female,30.1,159.0,157.2,203.9,Sedentary,Good,Current Smoker,0,0,1,1,1
41.0,Female,28.0,89.0,119.0,156.8,Sedentary,Average,Former Smoker,1,0,0,0,0
54.0,Male,32.2,185.0,121.8,210.7,Sedentary,Good,Current Smoker,1,0,1,0,1
39.0,Male,32.6,78.8,107.1,189.3,Sedentary,Average,Current Smoker,0,0,0,0,0
52.0,Female,23.7,90.3,129.5,125.0,Moderate,Good,Former Smoker,0,0,0,0,0
40.0,Female,22.6,106.1,108.2,174.1,Active,Average,Former Smoker,0,0,0,0,0
36.0,Female,36.8,125.8,121.6,238.8,Moderate,Poor,Former Smoker,0,0,1,0,1
48.0,Male,29.1,91.3,125.3,197.6,Moderate,Average,Non-Smoker,0,0,0,0,0
67.0,Male,33.0,140.1,139.8,188.1,Sedentary,Average,Former Smoker,0,0,1,1,0
37.0,Female,17.5,77.1,100.7,222.5,Moderate,Average,Non-Smoker,1,0,0,0,1
57.0,Male,36.9,149.0,118.3,186.9,Moderate,Poor,Former Smoker,0,0,1,0,0
37.0,Male,29.8,102.2,116.3,185.8,Moderate,Average,Non-Smoker,0,0,0,0,0
69.0,Female,28.0,188.5,120.3,221.4,Active,Good,Non-Smoker,1,0,1,0,1
59.0,Female,41.5,185.9,134.2,220.3,Moderate,Average,Former Smoker,0,0,1,1,1
18.0,Female,20.3,107.4,113.5,149.1,Sedentary,Average,Current Smoker,0,0,0,0,0
39.0,Male,25.4,91.9,124.1,207.5,Sedentary,Good,Non-Smoker,0,0,0,0,1
49.0,Female,28.3,180.3,141.0,249.6,Moderate,Average,Former Smoker,1,0,1,1,1
44.0,Female,33.8,201.2,142.6,168.0,Active,Poor,Current Smoker,0,0,1,1,0
55.0,Female,28.8,141.7,140.5,215.4,Sedentary,Average,Non-Smoker,1,0,1,1,1
75.0,Male,28.4,147.7,127.9,269.5,Sedentary,Average,Former Smoker,1,0,1,0,1
36.0,Female,17.5,72.5,111.7,150.6,Active,Good,Non-Smoker,0,1,0,0,0
72.0,Male,35.3,145.3,116.7,172.3,Sedentary,Good,Former Smoker,0,0,1,0,0
75.0,Male,35.1,162.5,140.2,265.0,Sedentary,Average,Former Smoker,1,0,1,1,1
70.0,Female,38.9,181.3,162.2,232.3,Sedentary,Poor,Current Smoker,1,0,1,1,1
55.0,Female,19.0,96.6,126.4,190.4,Active,Average,Former Smoker,0,0,0,0,0
47.0,Female,37.4,118.0,146.7,197.7,Sedentary,Average,Current Smoker,0,0,1,1,0
38.0,Female,22.5,118.0,116.7,201.9,Sedentary,Poor,Non-Smoker,0,0,0,0,1
54.0,Male,27.5,101.1,118.5,180.1,Active,Average,Non-Smoker,0,0,0,0,0
41.0,Male,26.8,89.5,132.5,154.9,Active,Good,Non-Smoker,0,0,0,1,0
41.0,Male,24.0,92.5,110.7,177.6,Active,Average,Former Smoker,1,0,0,0,0
33.0,Male,28.6,83.1,98.5,190.9,Active,Good,Former Smoker,0,0,0,0,0
53.0,Female,21.1,90.2,142.1,183.5,Sedentary,Average,Former Smoker,0,0,0,1,0
36.0,Female,19.7,97.1,122.1,200.7,Active,Average,Former Smoker,1,0,0,0,1
53.0,Female,30.1,120.0,150.3,199.4,Moderate,Poor,Current Smoker,1,0,1,1,0
64.0,Female,35.3,134.7,135.5,220.3,Active,Poor,Non-Smoker,1,0,1,1,1
55.0,Female,19.6,96.5,133.7,130.7,Active,Good,Non-Smoker,0,0,0,1,0
37.0,Male,25.2,160.8,162.2,254.6,Sedentary,Poor,Current Smoker,0,0,1,1,1
53.0,Male,28.5,120.0,163.8,263.0,Sedentary,Average,Current Smoker,1,1,1,1,1
47.0,Male,38.8,120.0,132.1,261.5,Sedentary,Average,Non-Smoker,0,1,1,1,1
49.0,Male,26.7,95.9,116.5,193.2,Sedentary,Good,Current Smoker,0,0,0,0,0
42.0,Male,34.7,166.5,127.4,234.9,Sedentary,Average,Former Smoker,1,0,1,0,1
48.0,Male,42.7,155.9,120.2,183.0,Sedentary,Average,Former Smoker,1,0,1,0,0
30.0,Male,23.3,81.2,125.3,138.1,Active,Good,Non-Smoker,1,0,0,0,0
30.0,Female,28.5,103.8,113.2,166.1,Moderate,Average,Non-Smoker,0,0,0,0,0
61.0,Male,37.9,120.0,111.7,213.0,Moderate,Average,Former Smoker,1,0,1,0,1
60.0,Female,31.3,196.1,140.5,186.9,Sedentary,Average,Former Smoker,1,1,1,1,0
52.0,Male,19.3,91.1,141.4,198.0,Active,Good,Current Smoker,0,0,0,1,0
47.0,Female,24.6,87.6,111.7,144.5,Active,Good,Non-Smoker,0,0,0,0,0
70.0,Female,32.9,199.5,149.7,213.7,Sedentary,Average,Current Smoker,1,0,1,1,1
64.0,Male,35.0,194.3,127.5,220.9,Moderate,Poor,Current Smoker,1,1,1,0,1
50.0,Male,33.5,120.0,173.6,206.6,Moderate,Poor,Current Smoker,0,0,1,1,1
42.0,Female,21.5,97.0,108.6,181.1,Sedentary,Poor,Non-Smoker,0,0,0,0,0
50.0,Female,25.6,81.3,108.8,194.6,Active,Average,Non-Smoker,0,0,0,0,0
54.0,Female,28.0,205.5,141.0,163.8,Moderate,Poor,Non-Smoker,0,0,1,1,0
69.0,Female,27.6,132.4,143.2,258.5,Sedentary,Average,Current Smoker,0,1,1,1,1
54.0,Female,32.0,79.9,116.2,162.0,Active,Good,Non-Smoker,0,0,0,0,0
59.0,Male,25.3,84.1,115.5,170.0,Sedentary,Average,Non-Smoker,0,0,0,0,0
59.0,Male,36.8,137.5,165.3,267.3,Moderate,Average,Former Smoker,0,0,1,1,1
54.0,Female,28.3,118.0,139.7,193.1,Sedentary,Poor,Former Smoker,1,1,1,1,0
44.0,Female,30.6,135.0,160.1,196.1,Active,Average,Former Smoker,0,0,1,1,0
51.0,Male,34.5,142.7,131.4,240.8,Moderate,Average,Former Smoker,1,0,1,1,1
57.0,Female,33.7,118.0,146.8,200.0,Moderate,Poor,Non-Smoker,1,0,1,1,1
63.0,Female,36.4,120.0,126.8,221.5,Sedentary,Poor,Former Smoker,0,0,1,0,1
25.0,Female,28.4,93.6,107.2,183.2,Active,Average,Former Smoker,0,0,0,0,0
71.0,Female,33.6,149.4,144.8,216.7,Moderate,Average,Current Smoker,0,0,1,1,1
56.0,Male,20.5,114.5,107.3,180.8,Active,Poor,Non-Smoker,0,0,0,0,0
36.0,Female,27.6,110.4,117.5,175.9,Active,Average,Non-Smoker,0,0,0,0,0
43.0,Female,23.1,84.2,102.7,211.4,Active,Average,Non-Smoker,0,0,0,0,1
39.0,Male,37.7,176.4,137.1,193.6,Sedentary,Poor,Former Smoker,1,0,1,1,0
61.0,Female,39.6,182.3,141.1,305.1,Sedentary,Average,Current Smoker,0,0,1,1,1
75.0,Male,33.3,143.9,135.2,223.0,Active,Average,Non-Smoker,0,0,1,1,1
26.0,Male,28.0,98.7,120.1,177.3,Moderate,Average,Former Smoker,0,0,0,0,0
79.0,Male,32.7,141.1,102.4,180.1,Sedentary,Average,Non-Smoker,1,0,1,0,0
32.0,Male,22.3,112.4,130.0,178.2,Active,Average,Non-Smoker,0,0,0,1,0
58.0,Male,29.4,93.6,111.3,173.3,Moderate,Good,Non-Smoker,0,0,0,0,0
57.0,Female,28.0,92.7,130.5,169.0,Moderate,Average,Non-Smoker,0,0,0,1,0
53.0,Male,33.1,146.2,144.8,227.6,Moderate,Poor,Non-Smoker,1,0,1,1,1
66.0,Male,25.7,90.1,112.2,232.8,Active,Good,Former Smoker,0,0,0,0,1
37.0,Male,32.9,118.0,134.2,227.9,Sedentary,Poor,Non-Smoker,1,0,1,1,1
35.0,Female,22.6,81.5,110.6,197.8,Moderate,Average,Current Smoker,0,0,0,0,0
53.0,Female,33.6,175.8,163.0,238.0,Active,Average,Non-Smoker,1,0,1,1,1
49.0,Male,28.8,130.9,152.5,261.4,Sedentary,Average,Non-Smoker,1,0,1,1,1
33.0,Male,23.8,93.1,105.3,197.9,Active,Average,Former Smoker,0,0,0,0,0
30.0,Female,29.0,93.7,124.4,182.2,Sedentary,Average,Former Smoker,0,0,0,0,0
50.0,Male,25.4,75.4,133.6,166.4,Sedentary,Good,Non-Smoker,0,0,0,1,0
49.0,Female,22.5,84.4,108.1,146.8,Moderate,Good,Current Smoker,0,0,0,0,0
47.0,Male,32.3,213.0,138.4,235.8,Moderate,Poor,Non-Smoker,0,1,1,1,1
63.0,Female,30.4,141.3,132.1,281.5,Moderate,Average,Former Smoker,1,0,1,1,1
47.0,Male,27.7,68.0,116.1,194.7,Sedentary,Average,Current Smoker,0,0,0,0,0
29.0,Female,29.8,120.0,149.3,217.6,Moderate,Poor,Non-Smoker,0,0,1,1,1
62.0,Male,31.0,120.0,114.9,194.7,Sedentary,Poor,Former Smoker,0,0,1,0,0
50.0,Female,34.4,198.1,134.5,232.6,Sedentary,Average,Non-Smoker,0,0,1,1,1
60.0,Female,28.0,118.0,137.5,232.7,Active,Poor,Former Smoker,1,0,1,1,1
44.0,Male,21.4,91.6,119.6,192.2,Active,Good,Non-Smoker,0,0,0,0,0
52.0,Male,29.8,155.5,158.5,211.2,Sedentary,Poor,Former Smoker,1,0,1,1,1
61.0,Male,36.1,120.0,160.0,229.9,Moderate,Poor,Former Smoker,1,1,1,1,1
58.0,Male,25.6,89.8,143.4,168.1,Moderate,Good,Non-Smoker,0,0,0,1,0
33.0,Female,23.4,114.4,119.5,219.5,Active,Good,Non-Smoker,0,0,0,0,1
35.0,Male,28.0,74.7,120.9,239.4,Active,Poor,Former Smoker,0,0,0,0,1
26.0,Female,26.7,74.2,125.1,176.0,Moderate,Average,Non-Smoker,0,0,0,0,0
61.0,Male,27.3,89.3,119.0,209.0,Sedentary,Good,Former Smoker,0,0,0,0,1
38.0,Male,22.6,99.4,120.0,205.9,Moderate,Good,Non-Smoker,0,0,0,0,1
42.0,Female,23.2,110.2,109.8,193.7,Active,Good,Current Smoker,0,0,0,0,0
30.0,Male,23.0,99.1,123.4,167.9,Moderate,Good,Non-Smoker,0,0,0,0,0
45.0,Male,31.8,130.4,139.8,225.4,Moderate,Good,Non-Smoker,1,0,1,1,1
35.0,Male,30.1,121.9,141.2,233.7,Sedentary,Average,Current Smoker,1,0,1,1,1
45.0,Male,28.9,89.0,125.3,188.1,Sedentary,Average,Non-Smoker,0,0,0,0,0
67.0,Female,25.4,101.2,111.8,242.1,Sedentary,Average,Former Smoker,0,0,0,0,1
64.0,Female,28.0,175.0,153.0,271.3,Moderate,Poor,Non-Smoker,1,1,1,1,1
56.0,Male,32.9,161.3,142.3,193.1,Moderate,Poor,Current Smoker,0,0,1,1,0
31.0,Female,17.5,85.9,112.5,203.5,Active,Good,Former Smoker,0,0,0,0,1
56.0,Female,34.5,118.0,133.0,294.3,Sedentary,Good,Former Smoker,0,0,1,1,1
73.0,Female,27.5,233.2,147.3,184.1,Moderate,Good,Current Smoker,1,0,1,1,0
60.0,Male,35.7,124.3,132.9,215.2,Sedentary,Poor,Non-Smoker,1,0,1,1,1
55.0,Female,36.7,169.5,139.8,223.3,Sedentary,Poor,Former Smoker,1,1,1,1,1
59.0,Female,25.7,120.0,135.5,228.2,Sedentary,Poor,Former Smoker,1,0,1,1,1
30.0,Female,21.1,106.8,134.9,193.2,Moderate,Good,Non-Smoker,0,0,0,1,0
44.0,Male,28.2,148.5,116.1,237.2,Moderate,Good,Current Smoker,1,0,1,0,1
42.0,Male,21.2,81.0,125.3,155.7,Moderate,Poor,Former Smoker,1,0,0,0,0
60.0,Male,23.0,181.6,121.5,243.8,Moderate,Good,Non-Smoker,0,1,1,0,1
72.0,Male,27.5,200.2,146.1,176.8,Moderate,Poor,Non-Smoker,0,0,1,1,0
79.0,Male,28.3,88.3,127.6,236.8,Moderate,Average,Non-Smoker,1,0,0,0,1
36.0,Female,42.0,206.8,138.2,206.0,Moderate,Average,Former Smoker,1,0,1,1,1
63.0,Female,21.4,87.5,127.5,221.0,Sedentary,Average,Non-Smoker,1,0,0,0,1
70.0,Female,43.7,148.5,117.7,204.0,Moderate,Poor,Current Smoker,0,0,1,0,1
41.0,Male,33.5,171.8,149.1,194.4,Sedentary,Average,Current Smoker,0,0,1,1,0
46.0,Male,40.1,158.9,161.0,180.6,Sedentary,Average,Former Smoker,0,0,1,1,0
18.0,Male,25.8,76.9,116.7,191.4,Active,Average,Non-Smoker,0,0,0,0,0
39.0,Male,17.5,95.9,114.5,197.9,Moderate,Good,Former Smoker,1,0,0,0,0
51.0,Female,31.0,76.3,111.5,203.9,Active,Average,Current Smoker,0,0,0,0,1
41.0,Female,30.3,136.2,161.4,231.6,Sedentary,Poor,Current Smoker,1,1,1,1,1
60.0,Female,30.2,137.3,119.5,193.7,Sedentary,Poor,Non-Smoker,0,1,1,0,0
54.0,Male,30.9,180.2,132.1,208.5,Moderate,Poor,Current Smoker,1,0,1,1,1
68.0,Male,32.3,139.5,144.8,202.6,Active,Poor,Former Smoker,0,0,1,1,1
39.0,Male,21.4,90.8,121.3,140.6,Active,Good,Current Smoker,0,0,0,0,0
69.0,Female,33.9,186.5,153.1,214.1,Moderate,Average,Former Smoker,0,1,1,1,1
74.0,Female,31.2,135.6,137.6,311.7,Sedentary,Good,Non-Smoker,0,0,1,1,1
34.0,Female,38.0,120.0,144.0,211.2,Moderate,Good,Current Smoker,0,0,1,1,1
59.0,Male,24.8,224.9,113.6,185.2,Sedentary,Average,Non-Smoker,1,0,1,0,0
65.0,Male,32.9,178.1,167.7,244.0,Sedentary,Average,Former Smoker,0,0,1,1,1
54.0,Male,22.0,120.0,128.3,298.2,Moderate,Average,Former Smoker,0,0,1,0,1
68.0,Male,26.5,97.5,107.3,160.6,Sedentary,Average,Current Smoker,0,0,0,0,0
57.0,Female,35.6,118.0,132.7,205.0,Active,Poor,Former Smoker,0,0,1,1,1
55.0,Female,27.3,103.9,123.6,141.0,Sedentary,Good,Non-Smoker,0,0,0,0,0
45.0,Male,26.0,154.9,133.0,218.1,Moderate,Poor,Former Smoker,0,0,1,1,1
64.0,Male,25.5,149.0,125.3,196.7,Sedentary,Poor,Current Smoker,0,0,1,1,0
27.0,Female,20.3,88.1,121.1,175.6,Active,Average,Non-Smoker,0,0,0,0,0
37.0,Female,25.3,68.0,139.7,180.9,Sedentary,Average,Non-Smoker,0,0,0,1,0
62.0,Male,43.1,143.6,150.3,231.7,Moderate,Good,Former Smoker,0,1,1,1,1
32.0,Female,21.5,102.9,124.7,194.4,Moderate,Poor,Non-Smoker,0,0,0,0,0
59.0,Female,34.4,215.9,113.4,220.6,Active,Poor,Non-Smoker,0,1,1,0,1
66.0,Female,38.3,133.5,170.4,182.1,Moderate,Average,Non-Smoker,0,1,1,1,0
60.0,Male,40.9,178.3,130.7,229.4,Moderate,Average,Current Smoker,1,0,1,1,1
55.0,Female,32.7,153.8,133.5,266.8,Sedentary,Good,Non-Smoker,0,1,1,1,1
42.0,Male,25.5,87.3,119.1,224.7,Active,Average,Non-Smoker,0,0,0,0,1
85.0,Female,34.5,152.4,138.7,276.6,Sedentary,Poor,Current Smoker,0,0,1,1,1
62.0,Female,26.9,161.0,145.1,190.1,Moderate,Poor,Current Smoker,1,0,1,1,0
51.0,Male,22.8,103.0,104.7,176.0,Sedentary,Good,Non-Smoker,0,0,0,0,0
24.0,Female,18.2,99.6,114.6,165.1,Sedentary,Good,Current Smoker,0,0,0,0,0
19.0,Female,21.8,99.9,126.0,159.1,Active,Average,Non-Smoker,1,0,0,0,0
60.0,Female,31.2,197.4,149.4,253.0,Sedentary,Average,Non-Smoker,1,1,1,1,1
43.0,Female,37.4,178.9,111.0,184.4,Moderate,Good,Former Smoker,0,0,1,0,0
40.0,Female,26.2,179.9,124.3,145.0,Moderate,Good,Former Smoker,1,1,1,0,0
54.0,Female,35.8,123.8,141.9,268.1,Sedentary,Poor,Non-Smoker,0,0,1,1,1
46.0,Female,18.4,118.0,125.3,201.1,Active,Poor,Former Smoker,0,0,0,1,1
65.0,Male,33.0,118.0,125.3,190.6,Sedentary,Average,Current Smoker,1,0,1,1,0
80.0,Female,35.0,176.4,139.7,215.4,Moderate,Poor,Non-Smoker,1,1,1,1,1
56.0,Female,23.4,85.8,135.5,196.6,Active,Average,Non-Smoker,0,0,0,1,0
44.0,Male,27.4,80.8,125.3,183.5,Sedentary,Average,Non-Smoker,0,1,0,0,0
22.0,Male,28.4,84.1,119.0,194.1,Moderate,Poor,Non-Smoker,1,0,0,0,0
64.0,Female,23.5,116.0,126.8,202.6,Active,Average,Non-Smoker,0,0,0,0,1
59.0,Female,22.8,110.2,128.0,147.1,Active,Average,Current Smoker,1,0,0,0,0
47.0,Male,26.2,118.0,114.6,142.4,Active,Good,Non-Smoker,0,0,0,0,0
52.0,Female,22.0,204.7,124.9,212.9,Sedentary,Average,Current Smoker,0,0,1,0,1
54.0,Female,29.8,99.7,96.8,169.3,Moderate,Average,Current Smoker,0,0,0,0,0
40.0,Male,20.5,81.0,125.3,182.1,Moderate,Average,Non-Smoker,0,0,0,0,0
71.0,Male,24.3,93.8,110.3,220.2,Moderate,Good,Non-Smoker,0,0,0,0,1
72.0,Male,44.6,223.8,159.7,217.9,Moderate,Average,Non-Smoker,0,0,1,1,1
71.0,Male,30.0,93.7,106.9,173.4,Active,Average,Current Smoker,0,0,0,0,0
45.0,Male,34.9,151.7,157.4,170.1,Active,Average,Current Smoker,0,0,1,1,0
25.0,Female,29.1,103.8,107.1,199.4,Active,Good,Current Smoker,1,0,0,0,0
42.0,Female,25.7,104.4,134.0,177.9,Active,Average,Current Smoker,1,0,0,1,0
70.0,Male,26.6,167.4,127.9,192.0,Sedentary,Average,Former Smoker,1,1,1,0,0
63.0,Male,31.4,127.4,121.2,176.9,Moderate,Good,Former Smoker,0,0,1,0,0
64.0,Male,22.8,93.8,91.5,232.5,Moderate,Poor,Non-Smoker,0,0,0,0,1
45.0,Male,23.3,76.2,105.7,188.9,Active,Average,Non-Smoker,0,0,0,0,0
74.0,Male,39.3,118.0,158.6,192.4,Sedentary,Poor,Current Smoker,0,0,1,1,0
67.0,Female,26.8,75.2,90.0,168.1,Active,Average,Non-Smoker,0,0,0,0,0
42.0,Female,18.1,93.9,106.8,193.7,Active,Average,Non-Smoker,0,1,0,0,0
36.0,Female,40.7,177.4,134.2,209.9,Sedentary,Good,Non-Smoker,0,1,1,1,1
57.0,Male,24.8,103.1,127.6,213.6,Active,Poor,Non-Smoker,0,0,0,0,1
53.0,Male,35.3,154.9,134.6,208.1,Sedentary,Good,Current Smoker,1,0,1,1,1
61.0,Male,27.9,183.4,126.8,200.7,Moderate,Poor,Former Smoker,0,1,1,0,1
31.0,Male,26.7,91.3,131.8,139.9,Active,Average,Former Smoker,1,0,0,1,0
52.0,Female,34.7,118.0,141.8,252.0,Moderate,Poor,Non-Smoker,0,0,1,1,1
79.0,Female,25.9,109.2,138.5,165.0,Active,Good,Former Smoker,0,0,0,1,0
59.0,Male,26.8,163.4,143.8,199.6,Active,Average,Current Smoker,0,0,1,1,0
26.0,Male,29.2,127.6,139.8,310.1,Moderate,Poor,Non-Smoker,0,0,1,1,1
61.0,Male,20.9,118.0,117.1,187.6,Active,Poor,Non-Smoker,1,0,0,0,0
37.0,Male,31.3,160.8,119.8,188.8,Sedentary,Good,Non-Smoker,1,0,1,0,0
61.0,Male,23.2,106.9,107.7,195.4,Active,Good,Non-Smoker,1,0,0,0,0
66.0,Female,36.7,170.1,138.1,175.9,Sedentary,Poor,Non-Smoker,0,1,1,1,0
32.0,Male,20.0,87.4,127.3,189.1,Active,Good,Non-Smoker,0,1,0,0,0
47.0,Female,27.9,125.9,127.0,160.5,Sedentary,Poor,Current Smoker,0,0,1,0,0
36.0,Female,26.7,93.7,120.8,156.0,Sedentary,Average,Non-Smoker,0,0,0,0,0
51.0,Female,23.0,88.4,103.0,154.0,Moderate,Average,Non-Smoker,0,0,0,0,0
50.0,Male,20.7,93.0,128.8,196.1,Active,Good,Non-Smoker,0,0,0,0,0
40.0,Female,17.5,97.2,130.2,182.6,Active,Good,Non-Smoker,0,0,0,1,0
41.0,Male,21.5,84.5,125.3,196.4,Moderate,Average,Current Smoker,0,0,0,0,0
42.0,Male,26.4,78.4,121.1,164.5,Moderate,Poor,Non-Smoker,0,0,0,0,0
38.0,Female,28.0,84.1,111.6,180.4,Active,Average,Non-Smoker,0,0,0,0,0
68.0,Male,19.2,96.8,96.5,186.4,Active,Average,Non-Smoker,0,0,0,0,0
54.0,Male,21.5,118.0,128.3,189.2,Moderate,Good,Current Smoker,1,0,0,0,0
55.0,Male,33.4,178.8,128.0,220.3,Active,Average,Former Smoker,1,0,1,0,1
56.0,Female,24.6,83.2,105.0,165.3,Active,Good,Non-Smoker,1,0,0,0,0
58.0,Female,28.8,175.9,138.3,233.0,Sedentary,Good,Former Smoker,0,1,1,1,1
70.0,Female,29.3,138.5,153.0,220.4,Sedentary,Poor,Non-Smoker,0,0,1,1,1
44.0,Female,26.0,104.9,133.3,177.6,Active,Average,Non-Smoker,0,0,0,1,0
29.0,Female,27.8,103.8,107.2,182.5,Active,Good,Non-Smoker,1,0,0,0,0
39.0,Male,27.9,87.2,110.0,165.0,Moderate,Average,Former Smoker,1,0,0,0,0
79.0,Male,37.8,194.5,125.3,176.4,Active,Poor,Former Smoker,0,0,1,1,0
63.0,Male,28.0,120.0,142.0,148.6,Moderate,Poor,Former Smoker,0,0,1,1,0
73.0,Female,30.4,96.4,115.0,191.7,Sedentary,Good,Non-Smoker,0,0,0,0,0
78.0,Female,35.3,131.1,166.7,179.8,Sedentary,Average,Former Smoker,1,0,1,1,0
28.0,Female,26.8,101.6,117.5,233.6,Moderate,Good,Former Smoker,1,0,0,0,1
35.0,Male,27.8,80.2,113.9,158.0,Active,Good,Current Smoker,0,0,0,0,0
36.0,Male,26.1,102.3,138.8,204.3,Active,Average,Non-Smoker,1,0,0,1,1
72.0,Male,30.5,143.3,123.9,176.5,Moderate,Poor,Non-Smoker,1,1,1,0,0
47.0,Female,31.3,148.3,123.0,216.4,Moderate,Good,Non-Smoker,1,0,1,0,1
50.0,Male,27.3,104.0,136.6,142.3,Active,Poor,Non-Smoker,0,0,0,1,0
50.0,Female,26.9,92.9,123.5,153.5,Sedentary,Good,Non-Smoker,0,0,0,0,0
59.0,Female,25.5,112.8,102.3,209.1,Active,Good,Non-Smoker,0,0,0,0,1
63.0,Male,35.3,155.2,159.6,253.7,Sedentary,Poor,Former Smoker,1,0,1,1,1
48.0,Female,28.0,120.0,123.5,251.8,Moderate,Average,Former Smoker,0,0,1,0,1
73.0,Male,27.3,101.4,134.5,208.1,Moderate,Good,Current Smoker,0,0,0,1,1
49.0,Female,28.5,118.0,117.6,259.6,Active,Average,Former Smoker,1,1,1,0,1
58.0,Female,27.7,194.0,124.7,245.1,Sedentary,Poor,Non-Smoker,0,1,1,0,1
63.0,Female,29.2,145.7,127.5,244.0,Moderate,Average,Former Smoker,0,0,1,0,1
67.0,Male,32.8,195.3,131.3,264.6,Active,Poor,Non-Smoker,0,1,1,1,1
47.0,Female,33.9,188.7,125.3,250.2,Moderate,Average,Non-Smoker,1,0,1,1,1
48.0,Female,33.9,155.8,154.5,277.2,Moderate,Good,Former Smoker,1,0,1,1,1
54.0,Female,28.0,95.8,133.6,155.0,Moderate,Average,Former Smoker,0,0,0,1,0
22.0,Male,18.8,92.5,117.2,185.0,Active,Good,Former Smoker,0,0,0,0,0
42.0,Male,30.1,158.4,146.1,286.5,Sedentary,Poor,Former Smoker,1,0,1,1,1
39.0,Male,29.3,68.0,116.6,172.8,Active,Average,Non-Smoker,1,0,0,0,0
56.0,Female,24.3,102.4,98.2,178.7,Active,Poor,Non-Smoker,1,1,0,0,0
57.0,Female,32.5,151.0,142.6,226.0,Sedentary,Good,Former Smoker,0,0,1,1,1
58.0,Female,28.0,108.0,143.6,125.0,Active,Good,Non-Smoker,0,0,0,1,0
63.0,Male,33.7,149.3,156.3,205.2,Sedentary,Good,Current Smoker,1,1,1,1,1
47.0,Male,29.5,164.9,151.4,274.2,Sedentary,Average,Current Smoker,1,1,1,1,1
51.0,Female,30.4,118.0,155.0,219.7,Moderate,Average,Non-Smoker,1,0,1,1,1
71.0,Female,37.8,118.0,147.2,189.6,Sedentary,Average,Non-Smoker,0,0,1,1,0
54.0,Male,33.9,150.2,122.3,236.7,Moderate,Average,Non-Smoker,0,1,1,0,1
24.0,Male,30.3,89.9,118.2,201.4,Sedentary,Average,Former Smoker,0,0,0,0,1
51.0,Male,23.0,110.2,126.9,226.1,Moderate,Poor,Non-Smoker,0,0,0,0,1
39.0,Female,28.9,91.3,116.0,184.7,Moderate,Average,Current Smoker,0,0,0,0,0
51.0,Male,37.7,141.8,129.0,220.0,Sedentary,Poor,Current Smoker,0,0,1,0,1
56.0,Male,30.4,144.0,116.5,219.7,Sedentary,Poor,Former Smoker,1,0,1,0,1
69.0,Female,23.8,87.5,112.3,196.3,Sedentary,Good,Non-Smoker,1,0,0,0,0
47.0,Male,18.7,101.4,119.3,227.9,Active,Average,Non-Smoker,1,0,0,0,1
55.0,Male,35.7,128.8,136.5,207.5,Sedentary,Poor,Former Smoker,0,0,1,1,1
77.0,Female,43.4,189.6,146.2,227.5,Sedentary,Average,Current Smoker,0,0,1,1,1
47.0,Male,21.1,83.5,109.6,169.7,Active,Good,Former Smoker,0,0,0,0,0
51.0,Male,24.5,76.0,120.8,165.5,Sedentary,Good,Current Smoker,0,0,0,0,0
26.0,Female,27.2,90.1,113.7,163.5,Active,Good,Former Smoker,0,0,0,0,0
47.0,Male,31.3,170.7,121.8,221.1,Moderate,Average,Non-Smoker,1,0,1,0,1
42.0,Male,28.0,90.0,110.9,191.1,Sedentary,Average,Former Smoker,0,0,0,0,0
63.0,Female,21.9,105.3,122.8,194.6,Active,Good,Non-Smoker,0,0,0,0,0
62.0,Female,37.3,145.5,128.2,265.8,Sedentary,Average,Non-Smoker,0,0,1,0,1
39.0,Female,26.5,201.5,122.3,256.8,Moderate,Average,Former Smoker,1,0,1,0,1
76.0,Male,29.5,160.7,124.2,288.1,Active,Average,Non-Smoker,0,0,1,0,1
53.0,Female,29.7,91.5,132.2,160.7,Moderate,Average,Former Smoker,1,0,0,1,0
49.0,Male,38.9,164.7,163.8,267.1,Moderate,Average,Former Smoker,1,0,1,1,1
57.0,Male,23.9,75.4,110.6,210.6,Active,Good,Non-Smoker,0,1,0,0,1
58.0,Male,33.0,149.6,145.2,201.0,Sedentary,Average,Current Smoker,1,0,1,1,1
53.0,Female,26.0,105.7,145.1,165.0,Sedentary,Poor,Non-Smoker,0,0,0,1,0
55.0,Female,25.9,99.4,127.6,155.0,Active,Good,Non-Smoker,0,0,0,0,0
37.0,Male,30.0,120.0,143.9,229.7,Sedentary,Good,Former Smoker,1,1,1,1,1
80.0,Male,26.5,185.6,123.8,199.7,Moderate,Poor,Current Smoker,1,0,1,0,0
60.0,Female,23.2,129.9,119.1,251.6,Active,Good,Current Smoker,0,0,1,0,1
54.0,Female,35.7,121.1,152.2,251.4,Moderate,Average,Non-Smoker,0,0,1,1,1
38.0,Female,32.5,97.7,112.1,162.6,Active,Good,Former Smoker,0,0,0,0,0
69.0,Female,28.4,147.4,126.1,223.6,Moderate,Average,Non-Smoker,1,1,1,0,1
72.0,Female,28.4,205.2,140.6,198.0,Sedentary,Poor,Non-Smoker,1,0,1,1,0
24.0,Male,27.6,87.2,136.4,231.8,Active,Good,Non-Smoker,0,0,0,1,1
52.0,Female,23.4,172.5,116.4,197.1,Sedentary,Average,Current Smoker,1,0,1,0,0
67.0,Female,29.8,146.6,136.7,244.9,Active,Good,Former Smoker,0,0,1,1,1
77.0,Female,29.5,198.4,143.4,264.6,Moderate,Average,Current Smoker,0,1,1,1,1
53.0,Female,17.5,79.8,124.8,195.0,Active,Average,Current Smoker,0,0,0,0,0
51.0,Male,33.7,154.1,143.1,232.2,Sedentary,Average,Former Smoker,0,0,1,1,1
49.0,Female,22.1,90.0,116.4,185.7,Active,Average,Former Smoker,0,0,0,0,0
59.0,Male,31.4,163.3,137.6,248.3,Sedentary,Good,Former Smoker,1,1,1,1,1
47.0,Male,37.9,220.0,131.6,179.4,Sedentary,Poor,Non-Smoker,0,0,1,1,0
50.0,Male,26.2,153.7,123.6,218.9,Sedentary,Poor,Former Smoker,0,0,1,0,1
45.0,Male,30.3,130.5,133.9,228.9,Sedentary,Good,Current Smoker,1,0,1,1,1
67.0,Female,28.0,225.9,131.9,241.0,Sedentary,Poor,Former Smoker,0,0,1,1,1
65.0,Female,31.5,158.0,124.9,215.0,Active,Poor,Non-Smoker,0,0,1,0,1
75.0,Male,28.1,74.7,121.3,187.6,Active,Poor,Non-Smoker,1,0,0,0,0
31.0,Male,29.0,178.4,127.2,221.9,Sedentary,Poor,Current Smoker,0,0,1,0,1
61.0,Male,32.1,94.4,108.3,173.3,Moderate,Average,Non-Smoker,0,0,0,0,0
51.0,Female,22.2,77.8,102.6,168.5,Moderate,Average,Non-Smoker,0,0,0,0,0
51.0,Female,24.7,103.6,98.4,133.6,Active,Good,Non-Smoker,0,0,0,0,0
49.0,Male,36.2,152.4,137.0,209.7,Active,Poor,Non-Smoker,0,0,1,1,1
41.0,Male,21.8,76.4,122.4,194.1,Moderate,Good,Non-Smoker,0,0,0,0,0
25.0,Female,22.5,77.2,115.9,144.1,Moderate,Poor,Non-Smoker,0,0,0,0,0
39.0,Female,31.1,190.2,142.1,179.2,Active,Average,Non-Smoker,1,0,1,1,0
72.0,Male,21.8,93.5,125.3,222.8,Active,Average,Former Smoker,0,0,0,0,1
63.0,Female,26.6,139.6,125.3,250.3,Sedentary,Average,Former Smoker,0,1,1,0,1
61.0,Female,25.5,141.0,130.7,227.5,Active,Average,Non-Smoker,0,0,1,1,1
35.0,Female,20.5,82.1,110.4,160.4,Active,Good,Former Smoker,1,0,0,0,0
31.0,Male,28.4,93.6,132.3,213.9,Active,Good,Non-Smoker,1,0,0,1,1
51.0,Male,31.7,151.9,148.3,274.1,Moderate,Poor,Non-Smoker,0,0,1,1,1
55.0,Male,27.8,95.9,105.5,243.6,Active,Good,Non-Smoker,0,1,0,0,1
54.0,Male,22.1,182.4,164.4,224.7,Active,Average,Non-Smoker,0,0,1,1,1
47.0,Female,22.3,92.3,133.2,188.7,Moderate,Good,Non-Smoker,0,1,0,1,0
43.0,Male,40.2,211.6,136.9,262.5,Moderate,Average,Former Smoker,0,0,1,1,1
45.0,Male,28.0,74.3,128.8,205.1,Active,Average,Former Smoker,0,0,0,0,1
33.0,Male,20.7,81.2,100.5,178.8,Active,Average,Current Smoker,0,0,0,0,0
46.0,Female,40.7,181.5,158.2,240.8,Sedentary,Average,Non-Smoker,1,0,1,1,1
43.0,Male,26.6,106.6,104.2,172.1,Active,Average,Non-Smoker,1,0,0,0,0
48.0,Male,30.0,120.0,135.2,231.1,Sedentary,Average,Former Smoker,1,0,1,1,1
47.0,Female,22.5,68.1,105.5,141.7,Moderate,Good,Non-Smoker,0,0,0,0,0
22.0,Female,17.8,97.5,123.9,191.4,Active,Good,Non-Smoker,0,0,0,0,0
44.0,Female,18.7,94.8,124.8,145.3,Active,Average,Non-Smoker,0,0,0,0,0
40.0,Male,22.4,85.5,97.8,200.1,Active,Good,Non-Smoker,0,1,0,0,1
61.0,Female,29.7,138.7,124.6,209.8,Sedentary,Average,Former Smoker,1,0,1,0,1
55.0,Female,33.1,118.0,153.9,244.8,Moderate,Poor,Non-Smoker,0,1,1,1,1
35.0,Male,25.9,80.7,122.1,208.4,Moderate,Poor,Current Smoker,1,0,0,0,1
46.0,Male,26.7,105.8,113.5,193.6,Active,Good,Non-Smoker,0,0,0,0,0
33.0,Female,28.2,109.3,123.7,150.5,Active,Average,Non-Smoker,0,0,0,0,0
57.0,Female,41.6,149.4,150.1,255.3,Active,Poor,Non-Smoker,1,0,1,1,1
23.0,Male,28.0,90.9,112.8,186.5,Sedentary,Good,Non-Smoker,0,0,0,0,0
49.0,Male,43.2,118.0,129.0,278.9,Moderate,Average,Non-Smoker,1,0,1,0,1
40.0,Female,25.1,81.4,107.7,221.3,Sedentary,Average,Non-Smoker,0,0,0,0,1
78.0,Male,36.0,135.6,131.6,330.0,Moderate,Poor,Non-Smoker,0,0,1,1,1
52.0,Male,32.2,97.3,127.3,160.6,Sedentary,Good,Non-Smoker,0,0,0,0,0
55.0,Female,26.6,92.6,110.2,196.6,Moderate,Average,Non-Smoker,0,0,0,0,0
33.0,Female,26.4,98.9,130.6,147.0,Active,Good,Non-Smoker,0,0,0,1,0
53.0,Female,38.7,164.9,125.3,256.4,Moderate,Average,Former Smoker,0,1,1,1,1
43.0,Male,24.2,185.1,150.2,213.4,Sedentary,Poor,Non-Smoker,1,0,1,1,1
34.0,Female,26.0,89.6,134.6,227.9,Active,Good,Former Smoker,0,0,0,1,1
55.0,Female,27.5,95.6,97.9,203.0,Moderate,Good,Non-Smoker,0,0,0,0,1
49.0,Male,28.0,87.5,111.8,171.2,Moderate,Average,Non-Smoker,0,0,0,0,0
61.0,Male,39.3,207.4,164.9,221.5,Sedentary,Average,Current Smoker,1,0,1,1,1
36.0,Female,26.2,96.4,126.0,149.1,Active,Average,Non-Smoker,0,0,0,0,0
67.0,Male,23.9,210.5,168.7,184.8,Moderate,Average,Former Smoker,1,1,1,1,0
54.0,Female,25.2,87.5,123.6,202.8,Moderate,Good,Non-Smoker,0,0,0,0,1
65.0,Male,38.9,177.4,165.4,207.3,Moderate,Poor,Current Smoker,1,0,1,1,1
70.0,Male,27.7,173.8,126.4,202.9,Sedentary,Poor,Former Smoker,0,0,1,0,1
78.0,Female,26.4,202.4,129.2,223.6,Sedentary,Average,Current Smoker,1,0,1,0,1
56.0,Male,23.4,87.2,104.6,165.5,Moderate,Poor,Non-Smoker,0,0,0,0,0
22.0,Female,21.9,89.6,123.1,227.9,Active,Good,Former Smoker,0,0,0,0,1
63.0,Female,28.0,185.7,143.8,244.5,Sedentary,Average,Former Smoker,0,1,1,1,1
32.0,Female,23.9,73.7,101.3,176.6,Active,Good,Current Smoker,0,0,0,0,0
56.0,Male,22.0,161.7,139.8,310.4,Active,Poor,Non-Smoker,1,0,1,1,1
50.0,Female,24.5,69.7,110.9,207.4,Active,Average,Non-Smoker,0,0,0,0,1
49.0,Male,32.3,168.1,123.7,203.9,Moderate,Average,Current Smoker,1,0,1,0,1
30.0,Female,27.7,89.4,117.1,190.3,Moderate,Average,Current Smoker,0,1,0,0,0
70.0,Male,28.0,221.4,141.6,252.8,Moderate,Poor,Current Smoker,0,0,1,1,1
50.0,Male,29.8,180.3,135.1,205.6,Moderate,Good,Former Smoker,1,0,1,1,1
58.0,Female,28.8,159.4,156.2,276.8,Sedentary,Average,Former Smoker,1,0,1,1,1
52.0,Female,29.9,172.0,135.1,219.5,Moderate,Poor,Former Smoker,0,0,1,1,1
75.0,Male,27.3,121.3,120.0,289.9,Sedentary,Good,Former Smoker,0,0,1,0,1
42.0,Male,17.5,118.0,119.5,155.5,Moderate,Good,Current Smoker,1,0,0,0,0
35.0,Female,35.8,120.0,154.0,220.9,Moderate,Poor,Former Smoker,0,0,1,1,1
60.0,Female,39.9,139.8,128.6,257.1,Sedentary,Poor,Former Smoker,1,0,1,0,1
55.0,Female,25.7,104.9,115.0,180.4,Active,Average,Former Smoker,1,0,0,0,0
50.0,Male,31.1,172.1,160.5,223.0,Moderate,Poor,Former Smoker,0,0,1,1,1
40.0,Female,31.8,92.9,133.7,203.6,Active,Good,Current Smoker,0,0,0,1,1
40.0,Male,39.7,163.6,149.4,237.4,Moderate,Poor,Former Smoker,1,1,1,1,1
64.0,Female,27.4,140.1,113.3,168.7,Sedentary,Poor,Current Smoker,1,0,1,0,0
51.0,Male,38.8,158.4,117.1,228.8,Sedentary,Good,Former Smoker,0,0,1,0,1
18.0,Female,21.0,79.8,111.8,183.3,Active,Average,Current Smoker,0,0,0,0,0
68.0,Female,35.1,120.0,142.2,237.2,Sedentary,Average,Former Smoker,1,0,1,1,1
37.0,Male,28.4,76.0,125.3,238.6,Active,Average,Non-Smoker,0,0,0,0,1
58.0,Female,35.3,177.8,137.4,172.6,Sedentary,Average,Non-Smoker,1,1,1,1,0
31.0,Female,17.5,88.1,130.6,150.0,Active,Good,Current Smoker,0,0,0,1,0
52.0,Male,26.2,190.4,173.2,283.3,Moderate,Good,Non-Smoker,0,0,1,1,1
56.0,Female,26.7,89.4,125.3,194.0,Sedentary,Poor,Non-Smoker,0,0,0,0,0
44.0,Female,33.4,174.8,138.3,226.6,Sedentary,Poor,Non-Smoker,1,0,1,1,1
53.0,Male,29.9,170.3,135.0,215.7,Moderate,Good,Current Smoker,0,1,1,1,1
56.0,Female,22.0,183.8,110.1,196.8,Moderate,Average,Former Smoker,0,0,1,0,0
23.0,Female,25.1,92.4,98.4,196.9,Active,Average,Non-Smoker,0,0,0,0,0
42.0,Female,36.8,185.5,143.6,276.3,Active,Average,Non-Smoker,0,0,1,1,1
18.0,Male,24.8,87.6,97.3,207.0,Moderate,Good,Non-Smoker,1,0,0,0,1
54.0,Female,27.9,120.0,118.7,217.6,Sedentary,Average,Current Smoker,0,0,1,0,1
67.0,Female,35.9,120.0,134.3,270.8,Active,Poor,Non-Smoker,1,1,1,1,1
52.0,Male,32.3,141.7,116.9,203.0,Moderate,Good,Current Smoker,1,0,1,0,1
39.0,Male,25.4,104.4,131.4,218.3,Active,Good,Non-Smoker,0,0,0,1,1
67.0,Male,24.3,76.6,111.0,184.2,Moderate,Average,Non-Smoker,0,0,0,0,0
35.0,Male,33.9,174.9,102.0,243.6,Active,Poor,Current Smoker,0,0,1,0,1
33.0,Male,25.6,81.2,117.5,183.3,Active,Good,Former Smoker,0,0,0,0,0
63.0,Male,22.0,144.8,146.5,197.8,Sedentary,Average,Former Smoker,0,0,1,1,0
41.0,Female,29.9,118.0,118.0,189.9,Moderate,Average,Non-Smoker,0,0,0,0,0
60.0,Female,32.0,219.9,163.4,145.0,Active,Average,Current Smoker,0,0,1,1,0
27.0,Female,25.0,90.7,116.0,178.2,Active,Good,Non-Smoker,0,0,0,0,0
30.0,Female,21.2,94.1,109.7,200.8,Active,Good,Former Smoker,0,0,0,0,1
59.0,Male,23.8,158.4,119.2,206.7,Moderate,Average,Former Smoker,1,0,1,0,1
60.0,Male,20.8,87.2,120.6,195.6,Moderate,Good,Non-Smoker,0,0,0,0,0
61.0,Male,21.8,75.2,125.3,239.0,Active,Average,Non-Smoker,0,0,0,0,1
57.0,Female,35.3,128.8,114.4,180.0,Moderate,Average,Non-Smoker,0,0,1,0,0
55.0,Female,37.7,120.0,129.5,168.3,Moderate,Poor,Non-Smoker,0,0,1,0,0
42.0,Male,25.8,86.3,113.8,200.2,Moderate,Good,Non-Smoker,0,0,0,0,1
61.0,Female,22.0,164.2,132.4,215.3,Sedentary,Poor,Non-Smoker,1,0,1,1,1
69.0,Female,27.7,92.0,106.8,194.7,Active,Good,Non-Smoker,0,0,0,0,0
57.0,Male,30.2,135.6,145.2,172.8,Sedentary,Poor,Current Smoker,0,0,1,1,0
61.0,Male,26.6,111.0,130.0,170.8,Moderate,Poor,Non-Smoker,0,0,0,1,0
22.0,Female,20.2,100.8,114.4,187.6,Active,Average,Non-Smoker,0,0,0,0,0
64.0,Female,28.0,143.6,125.3,220.7,Sedentary,Average,Current Smoker,0,0,1,1,1
55.0,Male,32.1,164.8,168.8,226.9,Active,Average,Current Smoker,1,0,1,1,1
44.0,Female,36.5,142.4,154.4,228.5,Moderate,Good,Non-Smoker,1,0,1,1,1
50.0,Male,33.9,179.7,135.5,251.8,Sedentary,Good,Former Smoker,1,0,1,1,1
68.0,Male,19.5,92.8,123.1,174.5,Sedentary,Poor,Current Smoker,0,0,0,0,0
44.0,Female,26.7,102.4,109.9,239.3,Active,Good,Former Smoker,1,0,0,0,1
52.0,Male,21.5,82.8,120.6,191.0,Moderate,Good,Non-Smoker,0,0,0,0,0
53.0,Male,27.1,84.9,115.7,129.9,Active,Good,Non-Smoker,0,0,0,0,0
75.0,Female,39.7,125.9,138.4,197.6,Sedentary,Average,Former Smoker,0,0,1,1,0
73.0,Male,19.5,96.0,125.3,168.6,Moderate,Good,Former Smoker,1,0,0,0,0
55.0,Male,37.9,133.1,128.4,291.4,Moderate,Poor,Non-Smoker,1,0,1,0,1
43.0,Female,28.0,82.1,102.9,207.6,Active,Good,Non-Smoker,1,1,0,0,1
48.0,Female,29.4,92.7,117.3,222.6,Active,Poor,Current Smoker,0,0,0,0,1
45.0,Male,28.0,90.8,117.5,151.0,Sedentary,Poor,Non-Smoker,0,0,0,0,0
47.0,Male,22.2,94.9,115.7,169.1,Active,Average,Current Smoker,0,1,0,0,0
78.0,Female,34.2,170.6,122.0,227.6,Moderate,Average,Non-Smoker,1,1,1,0,1
